Workbook

Sheet 성분
A1: 분류 | B1: 식 품 명 | C1: 비고 | D1: 열 량 | E1: 단백질 | F1: 탄수화물 | G1: 지방 | H1: 칼슘 | I1: 철 | J1: VIT-A | K1: VIT-B1 | L1: VIT-B2 | M1: NIACIN | N1: VIT-C | O1: 폐기율 | P1: 출처
A2: 감자류 | B2: 감자샐러드 | C2: 감자,샐러드 | D2: 143 | E2: 2.7 | F2: 11 | G2: 8.2 | H2: 19 | I2: 0.7 | J2: 33 | K2: 0.08 | L2: 0.06 | M2: 정소예 | N2: 10 | O2: 0 | P2: 한국영양학회7차개정판(2000/10/31)
A3: 감자류 | B3: 깐감자 | C3: 감자,폐기율0% | D3: 120 | E3: 1 | F3: 14 | G3: 0.09 | H3: 6 | I3: 0.5 | J3: 0 | K3: 0.01 | L3: 0.01 | M3: 0.29 | N3: 3 | O3: 0 | P3: 한국영양학회7차개정판(2000/10/31)
A4: 감자류 | B4: 감자 | C4: 감자,생것 | D4: 130 | E4: 2.5 | F4: 14 | G4: 0.09 | H4: 6 | I4: 0.8 | J4: 0 | K4: 0.08 | L4: 0.03 | M4: 1.3 | N4: 21 | O4: 7 | P4: 한국영양학회7차개정판(2000/10/31)
A5: 감자류 | B5: 스마일감자 | C5: 감자튀긴것,패스트푸드 | D5: 523 | E5: 6.4 | F5: 62 | G5: 4.4 | H5: 24 | I5: 1.2 | J5: 0 | K5: 0.15 | L5: 0.02 | M5: 4.2 | N5: 42 | O5: 0 | P5: 한국영양학회7차개정판(2000/10/31)
B6: 맛감자 | C6: 감자튀긴것,패스트푸드 | D6: 523 | E6: 6.4 | F6: 62 | G6: 6.5 | H6: 24 | I6: 1.2 | J6: 0 | K6: 0.15 | L6: 0.02 | M6: 4.2 | N6: 42 | O6: 0 | P6: 한국영양학회7차개정판(2000/10/32)
B7: 감자반 | C7: 감자튀긴것,패스트푸드 | D7: 523 | E7: 6.4 | F7: 38 | G7: 0.4 | H7: 24 | I7: 1.2 | J7: 0 | K7: 0.15 | L7: 0.02 | M7: 4.2 | N7: 42 | O7: 0 | P7: 한국영양학회7차개정판(2000/10/32)
A8: 감자류 | B8: 해시브라운 | C8: 감자튀긴것,패스트푸드 | D8: 218 | E8: 5.1 | F8: 29 | G8: 13.9 | H8: 28 | I8: 1 | J8: 0 | K8: 0.11 | L8: 0.01 | M8: 3.4 | N8: 40 | O8: 0 | P8: 한국영양학회7차개정판(2000/10/32)
A9: 감자류 | B9: 고구마샐러드 | C9: 고구마 | D9: 214 | E9: 1.4 | F9: 31 | G9: 0.19 | H9: 24 | I9: 0.5 | J9: 19 | K9: 0.06 | L9: 0.05 | M9: 0.7 | N9: 25 | O9: 7 | P9: 한국영양학회7차개정판(2000/10/31)
A10: 감자류 | B10: 고구마 | C10: 고구마,생것 | D10: 128 | E10: 1.4 | F10: 31 | G10: 0.19 | H10: 24 | I10: 0.5 | J10: 19 | K10: 0.06 | L10: 0.05 | M10: 0.7 | N10: 25 | O10: 7 | P10: 한국영양학회7차개정판(2000/10/31)
A11: 감자류 | B11: 곤약 | C11: 곤약생것, 국수형 | D11: 12 | E11: 0.2 | F11: 6 | G11: 0 | H11: 75 | I11: 0.5 | J11: 0 | K11: 0 | L11: 0 | M11: 0 | N11: 0 | O11: 0 | P11: 한국영양학회7차개정판(2000/10/31)
A12: 감자류 | B12: 알감자 | C12: 돼지감자 | D12: 69 | E12: 2.2 | F12: 14 | G12: 0.2 | H12: 13 | I12: 0.2 | J12: 0 | K12: 0.07 | L12: 0.05 | M12: 1.7 | N12: 12 | O12: 7 | P12: 한국영양학회7차개정판(2000/10/31)
A13: 감자류 | B13: 감자녹말 | C13: 전분 | D13: 332 | E13: 0.1 | F13: 82 | G13: 0.1 | H13: 22 | I13: 1.8 | J13: 0 | K13: 0 | L13: 0 | M13: 0 | N13: 0 | O13: 0 | P13: 한국영양학회7차개정판(2000/10/31)
A14: 감자류 | B14: 당면 | C14: 전분,당면 | D14: 349 | E14: 0.1 | F14: 85 | G14: 0.1 | H14: 47 | I14: 3 | J14: 0 | K14: 0.01 | L14: 0 | M14: 0 | N14: 0 | O14: 0 | P14: 한국영양학회7차개정판(2000/10/31)
B15: 납작당면 | C15: 전분, 당면 | D15: 349 | E15: 0.1 | F15: 85 | G15: 0.2 | H15: 47 | I15: 3 | J15: 0 | K15: 0.01 | L15: 0 | M15: 0 | N15: 0 | O15: 0
B16: 분모자 | C16: 전분, 당면 | D16: 190.4 | E16: 0.1 | F16: 85 | G16: 0.2 | H16: 47 | I16: 3 | J16: 0 | K16: 0.01 | L16: 0 | M16: 0 | N16: 0 | O16: 0
A17: 감자류 | B17: 밀녹말 | C17: 전분 | D17: 351 | E17: 0.2 | F17: 3 | G17: 0.2 | H17: 14 | I17: 0.6 | J17: 0 | K17: 0 | L17: 0 | M17: 0 | N17: 0 | O17: 0 | P17: 한국영양학회7차개정판(2000/10/31)
A18: 감자류 | B18: 쌀녹말 | C18: 전분 | D18: 366 | E18: 0.2 | F18: 3 | G18: 0.1 | H18: 29 | I18: 1.5 | J18: 0 | K18: 0 | L18: 0 | M18: 0 | N18: 0 | O18: 0 | P18: 한국영양학회7차개정판(2000/10/31)
A19: 감자류 | B19: 밀녹말 | C19: 건다시마 | D19: 351 | E19: 0.2 | F19: 3 | G19: 0.2 | H19: 14 | I19: 0.6 | J19: 0 | K19: 0 | L19: 0 | M19: 0 | N19: 0 | O19: 0 | P19: 한국영양학회7차개정판(2000/10/31)
A20: 감자류 | B20: 쌀녹말 | C20: 다시멸치 | D20: 366 | E20: 0.2 | F20: 3 | G20: 0.1 | H20: 29 | I20: 1.5 | J20: 0 | K20: 0 | L20: 0 | M20: 0 | N20: 0 | O20: 0 | P20: 한국영양학회7차개정판(2000/10/31)
A21: 감자류 | B21: 옥수수녹말 | C21: 전분 | D21: 358 | E21: 0.1 | F21: 3 | G21: 0.1 | H21: 5 | I21: 1.7 | J21: 0 | K21: 0 | L21: 0 | M21: 0.1 | N21: 0 | O21: 0 | P21: 한국영양학회7차개정판(2000/10/31)
A22: 감자류 | B22: 고구마녹말 | C22: 전분,고구마 | D22: 342 | E22: 0.1 | F22: 3 | G22: 0.1 | H22: 62 | I22: 2.6 | J22: 0 | K22: 0 | L22: 0 | M22: 0.1 | N22: 0 | O22: 0 | P22: 한국영양학회7차개정판(2000/10/31)
A23: 감자류 | B23: 삶은토란 | C23: 토란삶은것 | D23: 60 | E23: 2.9 | F23: 0 | G23: 0.1 | H23: 16 | I23: 0.5 | J23: 0 | K23: 0.06 | L23: 0.03 | M23: 0.5 | N23: 0 | O23: 0 | P23: 한국영양학회7차개정판(2000/10/31)
A24: 감자류 | B24: 토란 | C24: 토란생것 | D24: 40 | E24: 2.3 | F24: 15 | G24: 0 | H24: 18 | I24: 0.6 | J24: 0 | K24: 0.07 | L24: 0.01 | M24: 0.8 | N24: 9 | O24: 18 | P24: 한국영양학회7차개정판(2000/10/31)
A25: 감자류 | B25: 후렌치후라이 | C25: 패스트푸드 | D25: 309 | E25: 4 | F25: 107 | G25: 6.5 | H25: 16 | I25: 1.4 | J25: 2 | K25: 0.14 | L25: 0.04 | M25: 2.3 | N25: 5 | O25: 0 | P25: 한국영양학회7차개정판(2000/10/31)
A26: 감자류 | B26: 페스츄리 | C26: 패스트푸드 | D26: 309 | E26: 4 | F26: 53 | G26: 19.5 | H26: 16 | I26: 1.4 | J26: 2 | K26: 0.14 | L26: 0.04 | M26: 2.3 | N26: 5 | O26: 0 | P26: 한국영양학회7차개정판(2000/10/31)
B27: 마늘빵 | C27: 빵류 | D27: 297 | E27: 7.5 | F27: 68 | G27: 27.9 | H27: 35 | I27: 0.5 | J27: 24 | K27: 0.12 | L27: 0.04 | M27: 2.3 | N27: 5 | O27: 0 | P27: 한국영양학회7차개정판(2000/10/31)
B28: 바게트 | C28: 빵류 | D28: 297 | E28: 7.5 | F28: 0 | G28: 27.9 | H28: 35 | I28: 0.5 | J28: 24 | K28: 0.12 | L28: 0.04 | M28: 2.3 | N28: 5 | O28: 0
A29: 곡류 | B29: 소보루빵 | C29: 빵류 | D29: 376 | E29: 8.8 | F29: 56.5 | G29: 13.2 | H29: 36 | I29: 0.7 | J29: 29 | K29: 0.14 | L29: 0.06 | M29: 1.3 | N29: 0 | O29: 0 | P29: 한국영양학회7차개정판(2000/10/31)
A30: 곡류 | B30: 미니롤 | C30: 빵 | D30: 323 | E30: 6.7 | F30: 48.6 | G30: 5.1 | H30: 44 | I30: 1.2 | J30: 60 | K30: 0.05 | L30: 0.08 | N30: 0 | O30: 0 | P30: 한국영양학회7차개정판(2000/10/31)
A31: 곡류 | B31: 도지마롤케이크 | C31: 빵 | D31: 150 | E31: 6.7 | F31: 48.6 | G31: 5.1 | H31: 44 | I31: 1.2 | J31: 60 | K31: 0.05 | L31: 0.08 | N31: 0 | O31: 0 | P31: 한국영양학회7차개정판(2000/10/31)
A32: 곡류 | B32: 메밀 | C32: 가루,도정곡 | D32: 359 | E32: 6.1 | F32: 69.6 | G32: 4 | H32: 10 | I32: 1.7 | J32: 0 | K32: 0.16 | L32: 0.07 | M32: 2.2 | N32: 0 | O32: 0 | P32: 한국영양학회7차개정판(2000/10/31)
A33: 곡류 | B33: 국수 | C33: 국수,마른것 | D33: 368 | E33: 11.7 | F33: 72.2 | G33: 1 | H33: 39 | I33: 2.1 | J33: 0 | K33: 0.17 | L33: 0.31 | M33: 1.4 | N33: 0 | O33: 0 | P33: 한국영양학회7차개정판(2000/10/31)
A34: 곡류 | B34: 시루떡 | C34: 떡 | D34: 205 | E34: 5.7 | F34: 47.5 | G34: 0.8 | H34: 19 | I34: 3.3 | J34: 0 | K34: 0.03 | L34: 0.02 | M34: 0.7 | N34: 0 | O34: 0 | P34: 한국영양학회7차개정판(2000/10/31)
A35: 곡류 | B35: 찹쌀떡 | C35: 떡 | D35: 236 | E35: 4.8 | F35: 50.4 | G35: 1.4 | H35: 15 | I35: 0.8 | J35: 0 | K35: 0.04 | L35: 0.01 | M35: 0.6 | N35: 0 | O35: 0 | P35: 한국영양학회7차개정판(2000/10/31)
A36: 곡류 | B36: 찹쌀떡 | C36: 식용유 | D36: 236 | E36: 4.8 | F36: 50.4 | G36: 1.4 | H36: 15 | I36: 0.8 | J36: 0 | K36: 0.04 | L36: 0.01 | M36: 0.6 | N36: 0 | O36: 0 | P36: 한국영양학회7차개정판(2000/10/31)
A37: 곡류 | B37: 찹쌀경단 | C37: 떡, | D37: 240 | E37: 4.1 | F37: 43.1 | G37: 1.8 | H37: 14 | I37: 0.8 | J37: 2 | K37: 0.03 | L37: 0.03 | M37: 0.6 | N37: 0 | O37: 0 | P37: 한국영양학회7차개정판(2000/10/31)
A38: 곡류 | B38: 찹쌀가루 | C38: 찹쌀가루 | D38: 378 | E38: 6.6 | F38: 86 | G38: 0.4 | H38: 12 | I38: 0.8 | J38: 0 | K38: 0.1 | L38: 0.02 | M38: 0 | N38: 0 | O38: 0 | P38: 한국영양학회7차개정판(2000/10/31)
A39: 곡류 | B39: 팥인절미 | C39: 떡, | D39: 208 | E39: 0 | F39: 44.8 | G39: 0.9 | H39: 16 | I39: 1.9 | J39: 0 | K39: 0.06 | L39: 0.02 | M39: 0.7 | N39: 0 | O39: 0 | P39: 한국영양학회7차개정판(2000/10/31)
A40: 곡류 | B40: 송편검정콩속 | C40: 떡,검정콩속 | D40: 202 | E40: 4.4 | F40: 41.2 | G40: 1 | H40: 32 | I40: 0 | J40: 0 | K40: 0.08 | L40: 0.09 | M40: 2.9 | N40: 0 | O40: 0 | P40: 한국영양학회7차개정판(2000/10/31)
A41: 곡류 | B41: 떡볶이떡 | C41: 떡,멥쌀 | D41: 110 | E41: 3.5 | F41: 47.5 | G41: 0.5 | H41: 4 | I41: 1 | J41: 0 | K41: 0.02 | L41: 0.01 | M41: 0.7 | N41: 0 | O41: 0 | P41: 한국영양학회7차개정판(2000/10/31)
A42: 곡류 | B42: 꼬마떡 | C42: 떡,멥쌀 | D42: 110 | E42: 3.5 | F42: 47.5 | G42: 0.5 | H42: 4 | I42: 1 | J42: 0 | K42: 0.02 | L42: 0.01 | M42: 0.7 | N42: 0 | O42: 0 | P42: 한국영양학회7차개정판(2000/10/31)
A43: 곡류 | B43: 구슬떡 | C43: 떡,멥쌀 | D43: 110 | E43: 3.5 | F43: 47.5 | G43: 0.5 | H43: 4 | I43: 1 | J43: 0 | K43: 0.02 | L43: 0.01 | M43: 0.7 | N43: 0 | O43: 0 | P43: 한국영양학회7차개정판(2000/10/31)
B44: 치즈떡 | C44: 떡,멥쌀 | D44: 125 | E44: 4.2 | F44: 48 | G44: 1.11 | H44: 4.5 | I44: 0.9 | J44: 0 | K44: 0.03 | L44: 0.01 | M44: 0.8 | N44: 0 | O44: 0
A45: 곡류 | B45: 하트떡볶이 | C45: 떡,멥쌀 | D45: 105 | E45: 3.2 | F45: 48 | G45: 0.7 | H45: 3.5 | I45: 0.9 | J45: 0 | K45: 0.03 | L45: 0.01 | M45: 0.7 | N45: 0 | O45: 0 | P45: 한국영양학회7차개정판(2000/10/32)
B46: 바싹잡채납작만두 | D46: 235 | E46: 4 | F46: 41 | G46: 6
A47: 곡류 | B47: 컵떡볶이떡 | C47: 떡,멥쌀 | D47: 105 | E47: 3.2 | F47: 48 | G47: 0.7 | H47: 3.5 | I47: 0.9 | J47: 0 | K47: 0.03 | L47: 0.01 | M47: 0.7 | N47: 0 | O47: 0 | P47: 한국영양학회7차개정판(2000/10/32)
A48: 곡류 | B48: 백설기 | C48: 떡,백설기 | D48: 234 | E48: 3.5 | F48: 52 | G48: 0.8 | H48: 6 | I48: 0.5 | J48: 0 | K48: 0.01 | L48: 0.01 | M48: 0.7 | N48: 0 | O48: 0 | P48: 한국영양학회7차개정판(2000/10/31)
A49: 곡류 | B49: 약과 | C49: 떡,약과 | D49: 452 | E49: 4.2 | F49: 71.7 | G49: 20.6 | H49: 13 | I49: 0.9 | J49: 0 | K49: 0.09 | L49: 0.01 | M49: 0.4 | N49: 0 | O49: 0 | P49: 한국영양학회7차개정판(2000/10/31)
A50: 곡류 | B50: 절편 | C50: 떡,절편 | D50: 220 | E50: 4.4 | F50: 43.8 | G50: 0.8 | H50: 15 | I50: 0.5 | J50: 0 | K50: 0.03 | L50: 0.01 | M50: 0.8 | N50: 0 | O50: 0 | P50: 한국영양학회7차개정판(2000/10/31)
A51: 곡류 | B51: 증편 | C51: 떡,증편 | D51: 177 | E51: 3.9 | F51: 38 | G51: 0.9 | H51: 6 | I51: 0.5 | J51: 0 | K51: 0.06 | L51: 0.03 | M51: 0.6 | N51: 0 | O51: 0 | P51: 한국영양학회7차개정판(2000/10/31)
A52: 곡류 | B52: 찹쌀약식 | C52: 떡,찹쌀약식 | D52: 259 | E52: 3.5 | F52: 54.2 | G52: 2.8 | H52: 13 | I52: 0.5 | J52: 0 | K52: 0.06 | L52: 0.01 | M52: 0.5 | N52: 0 | O52: 0 | P52: 한국영양학회7차개정판(2000/10/31)
A53: 곡류 | B53: 송편 | C53: 떡,팥고물속 | D53: 214 | E53: 6 | F53: 43.6 | G53: 0.3 | H53: 31 | I53: 0 | J53: 0 | K53: 0.07 | L53: 0.09 | M53: 3.6 | N53: 0 | O53: 0 | P53: 한국영양학회7차개정판(2000/10/31)
A54: 곡류 | B54: 깨송편 | C54: 떡류,깨송편 | D54: 212 | E54: 3.5 | F54: 45.6 | G54: 1.4 | H54: 19 | I54: 1.1 | J54: 0 | K54: 0.04 | L54: 0.01 | M54: 0.4 | N54: 0 | O54: 0 | P54: 한국영양학회7차개정판(2000/10/31)
B55: 라면사리 | D55: 295 | E55: 8.3 | F55: 71.2 | G55: 12 | H55: 105 | I55: 0.7 | J55: 69 | K55: 0.55 | L55: 0.38 | M55: 0.9 | N55: 0 | O55: 0
B56: 냉동라멘 | D56: 295 | E56: 8.3 | F56: 71.2 | G56: 12 | H56: 105 | I56: 0.7 | J56: 69 | K56: 0.55 | L56: 0.38 | M56: 0.9 | N56: 0 | O56: 0
A57: 곡류 | B57: 라면 | C57: 라면,인스턴트 | D57: 421 | E57: 8.3 | F57: 71.2 | G57: 14.1 | H57: 105 | I57: 0.7 | J57: 69 | K57: 0.55 | L57: 0.38 | M57: 0.9 | N57: 0 | O57: 0 | P57: 한국영양학회7차개정판(2000/10/31)
A58: 곡류 | B58: 롤케익 | C58: 롤케이크 | D58: 365 | E58: 7.5 | F58: 48.1 | G58: 16.5 | H58: 40 | I58: 1 | J58: 130 | K58: 0.08 | L58: 0.12 | M58: 0.2 | N58: 0 | O58: 0 | P58: 한국영양학회7차개정판(2000/10/31)
A59: 곡류 | B59: 푸실리 | C59: 마른것 | D59: 336 | E59: 11.2 | F59: 77.1 | G59: 1.9 | H59: 23 | I59: 1.5 | J59: 0 | K59: 0.2 | L59: 0.04 | M59: 1.7 | N59: 0 | O59: 0 | P59: 한국영양학회7차개정판(2000/10/31)
A60: 곡류 | B60: 마카로니 | C60: 마른것 | D60: 336 | E60: 11.2 | F60: 77.1 | G60: 1.9 | H60: 23 | I60: 1.5 | J60: 0 | K60: 0.2 | L60: 0.04 | M60: 1.7 | N60: 0 | O60: 0 | P60: 한국영양학회7차개정판(2000/10/31)
B61: 후실리 | D61: 305 | E61: 8.2 | F61: 74.6 | G61: 0.9 | H61: 20 | I61: 1.5 | J61: 0 | K61: 0.2 | L61: 0.04 | M61: 1.7 | N61: 0 | O61: 0
A62: 곡류 | B62: 막국수 | C62: 마른것 | D62: 328 | E62: 10.2 | F62: 66.7 | G62: 1.5 | H62: 169 | I62: 3 | J62: 0 | K62: 0.26 | L62: 0.08 | M62: 1.2 | N62: 0 | O62: 0 | P62: 한국영양학회7차개정판(2000/10/31)
A63: 해조류 | B63: 김밥 | C63: 김, 김밥용김 | D63: 480 | E63: 42.3 | F63: 35 | G63: 4.7 | H63: 300 | I63: 10.6 | J63: 2431 | K63: 0.79 | L63: 3.62 | M63: 11.3 | N63: 157 | O63: 0 | P63: 한국영양학회7차개정판(2000/10/31)
A64: 해조류 | B64: 무조미키즈김 | C64: 김, 김밥용김 | D64: 480 | E64: 42.3 | F64: 35 | G64: 4.7 | H64: 300 | I64: 10.6 | J64: 2431 | K64: 0.79 | L64: 3.62 | M64: 11.3 | N64: 157 | O64: 0 | P64: 한국영양학회7차개정판(2000/10/31)
B65: 멥쌀 | C65: 맵쌀 | D65: 300 | E65: 9.2 | F65: 78.5 | G65: 1.3 | H65: 6 | I65: 0.5 | J65: 0 | K65: 0.12 | L65: 0.03 | M65: 1.4 | N65: 0 | O65: 0
A66: 곡류 | B66: 쌀 | C66: 맵쌀 | D66: 240 | E66: 6.4 | F66: 78.5 | G66: 0.4 | H66: 7 | I66: 0.5 | J66: 0 | K66: 0.12 | L66: 0 | M66: 1.4 | N66: 0 | O66: 0 | P66: 한국영양학회7차개정판(2000/10/31)
B67: 씨리얼 | D67: 356 | E67: 9.2 | F67: 80 | G67: 3.2 | H67: 6 | I67: 0.5 | J67: 0 | K67: 0.12 | L67: 0.03 | M67: 1.4 | N67: 0 | O67: 0
B68: 콘후레이크 | D68: 356 | E68: 9.2 | F68: 80 | G68: 3.2 | H68: 6 | I68: 0.5 | J68: 0 | K68: 0.12 | L68: 0.03 | M68: 1.4 | N68: 0 | O68: 0
A69: 곡류 | B69: 누룽지 | C69: 맵쌀 | D69: 356 | E69: 9.2 | F69: 86.8 | G69: 0.2 | H69: 6 | I69: 0.5 | J69: 0 | K69: 0.12 | L69: 0.03 | M69: 1.4 | N69: 0 | O69: 0 | P69: 한국영양학회7차개정판(2000/10/31)
A70: 곡류 | B70: 스파게티 | C70: 면,마른것 | D70: 339 | E70: 11.4 | F70: 74.6 | G70: 2 | H70: 21 | I70: 1.3 | J70: 0 | K70: 0.19 | L70: 0.03 | M70: 1.8 | N70: 0 | O70: 0 | P70: 한국영양학회7차개정판(2000/10/31)
A71: 곡류 | B71: 메밀국수 | C71: 면,샘초롱 | D71: 318 | E71: 10.2 | F71: 67 | G71: 1.4 | H71: 169 | I71: 3 | J71: 0 | K71: 0.26 | L71: 0.08 | M71: 1.2 | N71: 0 | O71: 0 | P71: 청정식품연구소,샘초롱,(2001/3/15)
A72: 곡류 | B72: 쫄면 | C72: 면,샘초롱,수분21%,냉동 | D72: 240 | E72: 6.6 | F72: 56.1 | G72: 0.8 | H72: 37.1 | I72: 1.82 | J72: 0 | K72: 0.22 | L72: 0.03 | M72: 2.3 | N72: 0 | O72: 0 | P72: 청정식품연구소,샘초롱,(2001/3/15)
B73: 우동면 | C73: 면,수분33%생것 | D73: 101 | E73: 6.8 | F73: 55 | G73: 1.3 | H73: 15 | I73: 0.5 | J73: 0 | K73: 0.09 | L73: 0.03 | M73: 0.5 | N73: 0 | O73: 0
A74: 곡류 | B74: 우동 | C74: 면,수분33%생것 | D74: 280 | E74: 6.8 | F74: 55 | G74: 1.3 | H74: 15 | I74: 0.5 | J74: 0 | K74: 0.09 | L74: 0.03 | M74: 0.5 | N74: 0 | O74: 0 | P74: 한국영양학회7차개정판(2000/10/31)
A75: 곡류 | B75: 메밀냉면 | C75: 면,인스턴트 | D75: 341 | E75: 10.5 | F75: 66.7 | G75: 1.6 | H75: 2 | I75: 2.1 | J75: 0 | K75: 0.01 | L75: 0.01 | M75: 1.4 | N75: 0 | O75: 0 | P75: 한국영양학회7차개정판(2000/10/31)
A76: 곡류 | B76: 짜장면 | C76: 면,인스턴트 | D76: 382 | E76: 9 | F76: 55 | G76: 5.6 | H76: 19 | I76: 2 | J76: 1 | K76: 0.13 | L76: 0.03 | M76: 1 | N76: 0 | O76: 0 | P76: 한국영양학회7차개정판(2000/10/31)
A77: 곡류 | B77: 칼국수 | C77: 면,인스턴트,수분63%생것 | D77: 132 | E77: 3.5 | F77: 74 | G77: 1.4 | H77: 7 | I77: 1.2 | J77: 0 | K77: 0.05 | L77: 0.01 | M77: 0.3 | N77: 0 | O77: 0 | P77: 한국영양학회7차개정판(2000/10/31)
A78: 곡류 | B78: 마른소면 | C78: 면.마른것 | D78: 354 | E78: 10.2 | F78: 74.8 | G78: 1 | H78: 20 | I78: 1.9 | J78: 0 | K78: 0.12 | L78: 0.02 | M78: 0.9 | N78: 0 | O78: 0 | P78: 한국영양학회7차개정판(2000/10/31)
A79: 곡류 | B79: 소면 | C79: 면.마른것 | D79: 354 | E79: 10.2 | F79: 74.8 | G79: 1 | H79: 20 | I79: 1.9 | J79: 0 | K79: 0.12 | L79: 0.02 | M79: 0.9 | N79: 0 | O79: 0 | P79: 한국영양학회7차개정판(2000/10/31)
A80: 곡류 | B80: 메밀묵 | C80: 묵,샘초롱 | D80: 58 | E80: 1.7 | F80: 0.1 | G80: 0.2 | H80: 6 | I80: 0.2 | J80: 0 | K80: 0.01 | L80: 0.01 | M80: 1.1 | N80: 0 | O80: 0 | P80: 청정식품연구소,샘초롱,(2001/3/15)
A81: 곡류 | B81: 강력분 | C81: 밀가루강력분 | D81: 329 | E81: 12.3 | F81: 73.4 | G81: 1.6 | H81: 15 | I81: 1.1 | J81: 0 | K81: 0.1 | L81: 0.03 | M81: 1 | N81: 0 | O81: 0 | P81: 한국영양학회7차개정판(2000/10/31)
A82: 곡류 | B82: 박력분 | C82: 밀가루박력분 | D82: 330 | E82: 7.9 | F82: 77.5 | G82: 1.4 | H82: 24 | I82: 0.7 | J82: 0 | K82: 0.12 | L82: 0.03 | M82: 0.7 | N82: 0 | O82: 0 | P82: 한국영양학회7차개정판(2000/10/31)
B83: 또띠아 | C83: 밀가루중력분,40g | D83: 330 | E83: 10 | F83: 51 | G83: 10.7 | H83: 19 | I83: 0.8 | J83: 0 | K83: 0.23 | L83: 0.04 | M83: 1.1 | N83: 0 | O83: 0
A84: 곡류 | B84: 밀가루 | C84: 밀가루중력분 | D84: 330 | E84: 10 | F84: 74.1 | G84: 1.4 | H84: 19 | I84: 0.8 | J84: 0 | K84: 0.23 | L84: 0.04 | M84: 1.1 | N84: 0 | O84: 0 | P84: 한국영양학회7차개정판(2000/10/31)
A85: 곡류 | B85: 미숫가루 | C85: 보리미숫가루 | D85: 358 | E85: 11.5 | F85: 74.6 | G85: 2.4 | H85: 69 | I85: 3.2 | J85: 0 | K85: 0.15 | L85: 0.08 | M85: 5 | N85: 0 | O85: 0 | P85: 한국영양학회7차개정판(2000/10/31)
A86: 곡류 | B86: 시나몬가루 | D86: 343 | E86: 3.55 | F86: 81.07 | G86: 0.51 | H86: 0 | I86: 28.24 | J86: 33 | K86: 0.29 | L86: 0 | M86: 5 | N86: 0 | O86: 0 | P86: 한국영양학회7차개정판(2000/10/31)
A87: 곡류 | B87: 쨈빵 | C87: 빵 | D87: 280 | E87: 4.3 | F87: 54.5 | G87: 2.1 | H87: 23 | I87: 1.1 | J87: 0 | K87: 0.05 | L87: 0.11 | M87: 0.4 | N87: 0 | O87: 0 | P87: 한국영양학회7차개정판(2000/10/31)
A88: 곡류 | B88: 카스텔라 | C88: 빵 | D88: 323 | E88: 6.7 | F88: 55.1 | G88: 8.5 | H88: 44 | I88: 1.2 | J88: 60 | K88: 0.05 | L88: 0.08 | N88: 0 | O88: 0 | P88: 한국영양학회7차개정판(2000/10/31)
B89: 눈꽃카스테라 | C89: 빵 | D89: 323 | E89: 6.7 | F89: 55.1 | G89: 8.5 | H89: 44 | I89: 1.2 | J89: 60 | K89: 0.05 | L89: 0.08 | N89: 0 | O89: 0
B90: 마늘토스트 | C90: 빵 | D90: 480 | E90: 8 | F90: 67 | G90: 20 | H90: 119 | I90: 3.3 | J90: 0 | K90: 0.42 | L90: 0.34 | M90: 3.9 | N90: 0 | O90: 0
A91: 곡류 | B91: 토스트 | C91: 빵 | D91: 290 | E91: 9 | F91: 49.3 | G91: 4 | H91: 119 | I91: 3.3 | J91: 0 | K91: 0.42 | L91: 0.34 | M91: 3.9 | N91: 0 | O91: 0 | P91: 한국영양학회7차개정판(2000/10/31)
A92: 곡류 | B92: 팥도우넛 | C92: 빵 | D92: 399 | E92: 6.6 | F92: 45.7 | G92: 15.3 | H92: 27 | I92: 1 | J92: 26 | K92: 0.1 | L92: 0.07 | M92: 0.5 | N92: 0 | O92: 0 | P92: 한국영양학회7차개정판(2000/10/31)
A93: 곡류 | B93: 팥빵 | C93: 빵 | D93: 293 | E93: 7.6 | F93: 52.5 | G93: 6.1 | H93: 31 | I93: 1.3 | J93: 6 | K93: 0.09 | L93: 0.06 | M93: 0.8 | N93: 0 | O93: 0 | P93: 한국영양학회7차개정판(2000/10/31)
A94: 곡류 | B94: 모닝빵 | C94: 빵,모닝빵 | D94: 250 | E94: 6 | F94: 52.1 | G94: 6.2 | H94: 71 | I94: 1.1 | J94: 0 | K94: 0.05 | L94: 0.08 | M94: 0.4 | N94: 0 | O94: 0 | P94: 한국영양학회7차개정판(2000/10/31)
A95: 곡류 | B95: 꽈배기도넛 | C95: 빵,모닝빵 | D95: 250 | E95: 6 | F95: 52.1 | G95: 6.2 | H95: 71 | I95: 1.1 | J95: 0 | K95: 0.05 | L95: 0.08 | M95: 0.4 | N95: 0 | O95: 0 | P95: 한국영양학회7차개정판(2000/10/31)
A96: 곡류 | B96: 꽈배기 | C96: 빵,모닝빵 | D96: 250 | E96: 6 | F96: 52.1 | G96: 6.2 | H96: 71 | I96: 1.1 | J96: 0 | K96: 0.05 | L96: 0.08 | M96: 0.4 | N96: 0 | O96: 0 | P96: 한국영양학회7차개정판(2000/10/31)
A97: 곡류 | B97: 펀칭도우넛 | C97: 빵,샘초롱 | D97: 425.28 | E97: 3.17 | F97: 40.6 | G97: 26 | H97: 38.98 | I97: 0 | J97: 0 | K97: 0.16 | L97: 0.16 | M97: 1.2 | N97: 0 | O97: 0 | P97: 청정식품연구소,샘초롱,(2001/3/15)
A98: 곡류 | B98: 미니도넛 | C98: 빵,샘초롱 | D98: 316 | E98: 9.33 | F98: 57.1 | G98: 22.9 | H98: 42.85 | I98: 2.67 | J98: 0 | K98: 0.15 | L98: 0.06 | M98: 0.18 | N98: 0 | O98: 0 | P98: 청정식품연구소,샘초롱,(2001/3/15)
A99: 곡류 | B99: 초코도넛 | C99: 빵,샘초롱 | D99: 316 | E99: 9.33 | F99: 57.1 | G99: 22.9 | H99: 42.85 | I99: 2.67 | J99: 0 | K99: 0.15 | L99: 0.06 | M99: 0.18 | N99: 0 | O99: 0 | P99: 청정식품연구소,샘초롱,(2001/3/15)
A100: 곡류 | B100: 바바리안도넛 | C100: 빵,샘초롱 | D100: 316 | E100: 9.33 | F100: 57.1 | G100: 22.9 | H100: 42.85 | I100: 2.67 | J100: 0 | K100: 0.15 | L100: 0.06 | M100: 0.18 | N100: 0 | O100: 0 | P100: 청정식품연구소,샘초롱,(2001/3/15)
...

Sheet 원본
N1: 업체담당 | O1: 교감
A3: 일 자 : | C3: 45726 | E3: 석식
A6: 급식학생수 | O6: 총계
A7: 구분 | D7: 1학년 | F7: 2학년 | H7: 3학년 | K7: 합계 | M7: 교직원
A8: 경북여자고등학교 | D8: 64 | F8: 29 | H8: 71 | K8: =SUM(D8:J8) -> 164 | O8: =SUM(K8:N8) -> 164
A9: 식 단 | D9: 백미밥,추억의도시락,얼큰어묵국,뿌리채소모듬맛탕,단배추겉절이,딸기타임
A10: 번호 | B10: 메뉴명 | C10: 식품명 | D10: 1인량 (g) | E10: 열량 (kcal) | F10: 탄수화물 (g) | G10: 단백질 (g) | H10: 지방 (g) | I10: 칼슘 (mg) | J10: 철 (mg) | K10: VIT-A (RE) | L10: VIT-B1 (mg) | M10: VIT-B2 (mg) | N10: NIACIN (mg) | O10: VIT-C | P10: 기준량 | Q10: 총량
A11: =ROW()-10 -> 1 | B11: 백미밥 | C11: 쌀 | D11: 70 | E11: =IF($C11="","",VLOOKUP($C11,성분!$B$2:$O$1509,3,FALSE))/100*P11 -> 168 | F11: =IF($C11="","",VLOOKUP($C11,성분!$B$2:$O$1509,5,FALSE))/100*$P11 -> 54.95 | G11: =IF($C11="","",VLOOKUP($C11,성분!$B$2:$O$1509,4,FALSE))/100*$P11 -> 4.48 | H11: =IF($C11="","",VLOOKUP($C11,성분!$B$2:$O$1509,6,FALSE))/100*$P11 -> 0.28 | I11: =IF($C11="","",VLOOKUP($C11,성분!$B$2:$O$1509,7,FALSE))/100*$P11 -> 4.9 | J11: =IF($C11="","",VLOOKUP($C11,성분!$B$2:$O$1509,8,FALSE))/100*$P11 -> 0.35 | K11: =IF($C11="","",VLOOKUP($C11,성분!$B$2:$O$1509,9,FALSE))/100*$P11 -> 0 | L11: =IF($C11="","",VLOOKUP($C11,성분!$B$2:$O$1509,10,FALSE))/100*$P11 -> 0.084 | M11: =IF($C11="","",VLOOKUP($C11,성분!$B$2:$O$1509,11,FALSE))/100*$P11 -> 0 | N11: =IF($C11="","",VLOOKUP($C11,성분!$B$2:$O$1509,12,FALSE))/100*$P11 -> 0.98 | O11: =IF($C11="","",VLOOKUP($C11,성분!$B$2:$O$1509,13,FALSE))/100*$P11 -> 0 | P11: =D11 -> 70 | Q11: =($O$8*P11)/1000 -> 11.48 | R11: =INT(Q11) -> 11
A12: =ROW()-10 -> 2 | B12: 추억의도시락 | C12: 옛날소시지 | D12: 50 | E12: =IF($C12="","",VLOOKUP($C12,성분!$B$2:$O$1509,3,FALSE))/100*P12 -> 102.5 | F12: =IF($C12="","",VLOOKUP($C12,성분!$B$2:$O$1509,5,FALSE))/100*$P12 -> 9.5 | G12: =IF($C12="","",VLOOKUP($C12,성분!$B$2:$O$1509,4,FALSE))/100*$P12 -> 2.5 | H12: =IF($C12="","",VLOOKUP($C12,성분!$B$2:$O$1509,6,FALSE))/100*$P12 -> 6 | I12: 0.92 | J12: =IF($C12="","",VLOOKUP($C12,성분!$B$2:$O$1509,8,FALSE))/100*$P12 -> 0 | K12: =IF($C12="","",VLOOKUP($C12,성분!$B$2:$O$1509,9,FALSE))/100*$P12 -> 0 | L12: =IF($C12="","",VLOOKUP($C12,성분!$B$2:$O$1509,10,FALSE))/100*$P12 -> 0 | M12: =IF($C12="","",VLOOKUP($C12,성분!$B$2:$O$1509,11,FALSE))/100*$P12 -> 0 | N12: =IF($C12="","",VLOOKUP($C12,성분!$B$2:$O$1509,12,FALSE))/100*$P12 -> 0 | O12: =IF($C12="","",VLOOKUP($C12,성분!$B$2:$O$1509,13,FALSE))/100*$P12 -> 0 | P12: =D12 -> 50 | Q12: =($O$8*P12)/1000 -> 8.2 | R12: =INT(Q12) -> 8
A13: =ROW()-10 -> 3 | C13: 계란후라이 | D13: 30 | E13: =IF($C13="","",VLOOKUP($C13,성분!$B$2:$O$1509,3,FALSE))/100*P13 -> 48.6 | F13: =IF($C13="","",VLOOKUP($C13,성분!$B$2:$O$1509,5,FALSE))/100*$P13 -> 8.4 | G13: 2.51 | H13: =IF($C13="","",VLOOKUP($C13,성분!$B$2:$O$1509,6,FALSE))/100*$P13 -> 2.904 | I13: 18.92 | J13: =IF($C13="","",VLOOKUP($C13,성분!$B$2:$O$1509,8,FALSE))/100*$P13 -> 0.6 | K13: =IF($C13="","",VLOOKUP($C13,성분!$B$2:$O$1509,9,FALSE))/100*$P13 -> 45 | L13: =IF($C13="","",VLOOKUP($C13,성분!$B$2:$O$1509,10,FALSE))/100*$P13 -> 0.018 | M13: =IF($C13="","",VLOOKUP($C13,성분!$B$2:$O$1509,11,FALSE))/100*$P13 -> 0.084 | N13: =IF($C13="","",VLOOKUP($C13,성분!$B$2:$O$1509,12,FALSE))/100*$P13 -> 0 | O13: =IF($C13="","",VLOOKUP($C13,성분!$B$2:$O$1509,13,FALSE))/100*$P13 -> 0 | P13: =D13 -> 30 | Q13: =($O$8*P13)/1000 -> 4.92 | R13: =INT(Q13) -> 4
A14: =ROW()-10 -> 4 | C14: 지리멸치 | D14: 4 | E14: =IF($C14="","",VLOOKUP($C14,성분!$B$2:$O$1509,3,FALSE))/100*P14 -> 10.8 | F14: =IF($C14="","",VLOOKUP($C14,성분!$B$2:$O$1509,5,FALSE))/100*$P14 -> 0.036 | G14: 1.11 | H14: =IF($C14="","",VLOOKUP($C14,성분!$B$2:$O$1509,6,FALSE))/100*$P14 -> 0.212 | I14: =IF($C14="","",VLOOKUP($C14,성분!$B$2:$O$1509,7,FALSE))/100*$P14 -> 73 | J14: =IF($C14="","",VLOOKUP($C14,성분!$B$2:$O$1509,8,FALSE))/100*$P14 -> 0.3 | K14: =IF($C14="","",VLOOKUP($C14,성분!$B$2:$O$1509,9,FALSE))/100*$P14 -> 0 | L14: =IF($C14="","",VLOOKUP($C14,성분!$B$2:$O$1509,10,FALSE))/100*$P14 -> 0.006 | M14: =IF($C14="","",VLOOKUP($C14,성분!$B$2:$O$1509,11,FALSE))/100*$P14 -> 0.0072 | N14: =IF($C14="","",VLOOKUP($C14,성분!$B$2:$O$1509,12,FALSE))/100*$P14 -> 0.464 | O14: =IF($C14="","",VLOOKUP($C14,성분!$B$2:$O$1509,13,FALSE))/100*$P14 -> 0 | P14: =D14 -> 4 | Q14: =($O$8*P14)/1000 -> 0.656 | R14: =INT(Q14) -> 0
A15: =ROW()-10 -> 5 | C15: 김가루 | D15: 5 | E15: =IF($C15="","",VLOOKUP($C15,성분!$B$2:$O$1509,3,FALSE))/100*P15 -> 13.6 | F15: =IF($C15="","",VLOOKUP($C15,성분!$B$2:$O$1509,5,FALSE))/100*$P15 -> 2.055 | G15: =IF($C15="","",VLOOKUP($C15,성분!$B$2:$O$1509,4,FALSE))/100*$P15 -> 1 | H15: =IF($C15="","",VLOOKUP($C15,성분!$B$2:$O$1509,6,FALSE))/100*$P15 -> 0.115 | I15: =IF($C15="","",VLOOKUP($C15,성분!$B$2:$O$1509,7,FALSE))/100*$P15 -> 20.5 | J15: =IF($C15="","",VLOOKUP($C15,성분!$B$2:$O$1509,8,FALSE))/100*$P15 -> 0.25 | K15: =IF($C15="","",VLOOKUP($C15,성분!$B$2:$O$1509,9,FALSE))/100*$P15 -> 12 | L15: =IF($C15="","",VLOOKUP($C15,성분!$B$2:$O$1509,10,FALSE))/100*$P15 -> 0.015 | M15: =IF($C15="","",VLOOKUP($C15,성분!$B$2:$O$1509,11,FALSE))/100*$P15 -> 0.005 | N15: =IF($C15="","",VLOOKUP($C15,성분!$B$2:$O$1509,12,FALSE))/100*$P15 -> 0.25 | O15: =IF($C15="","",VLOOKUP($C15,성분!$B$2:$O$1509,13,FALSE))/100*$P15 -> 1.85 | P15: =D15 -> 5 | Q15: =($O$8*P15)/1000 -> 0.82 | R15: =INT(Q15) -> 0
A16: =ROW()-10 -> 6 | C16: 맛김치 | D16: 45 | E16: =IF($C16="","",VLOOKUP($C16,성분!$B$2:$O$1509,3,FALSE))/100*P16 -> 22.5 | F16: =IF($C16="","",VLOOKUP($C16,성분!$B$2:$O$1509,5,FALSE))/100*$P16 -> 1.98 | G16: =IF($C16="","",VLOOKUP($C16,성분!$B$2:$O$1509,4,FALSE))/100*$P16 -> 0.9 | H16: =IF($C16="","",VLOOKUP($C16,성분!$B$2:$O$1509,6,FALSE))/100*$P16 -> 0.09 | I16: =IF($C16="","",VLOOKUP($C16,성분!$B$2:$O$1509,7,FALSE))/100*$P16 -> 21.15 | J16: 0.46 | K16: =IF($C16="","",VLOOKUP($C16,성분!$B$2:$O$1509,9,FALSE))/100*$P16 -> 21.6 | L16: =IF($C16="","",VLOOKUP($C16,성분!$B$2:$O$1509,10,FALSE))/100*$P16 -> 0.027 | M16: =IF($C16="","",VLOOKUP($C16,성분!$B$2:$O$1509,11,FALSE))/100*$P16 -> 0.027 | N16: =IF($C16="","",VLOOKUP($C16,성분!$B$2:$O$1509,12,FALSE))/100*$P16 -> 0.36 | O16: =IF($C16="","",VLOOKUP($C16,성분!$B$2:$O$1509,13,FALSE))/100*$P16 -> 6.3 | P16: =D16 -> 45 | Q16: =($O$8*P16)/1000 -> 7.38 | R16: =INT(Q16) -> 7
A17: =ROW()-10 -> 7 | C17: 검은콩조림 | D17: 15 | E17: 20.5 | F17: =IF($C17="","",VLOOKUP($C17,성분!$B$2:$O$1509,5,FALSE))/100*$P17 -> 5.85 | G17: 1.93 | H17: =IF($C17="","",VLOOKUP($C17,성분!$B$2:$O$1509,6,FALSE))/100*$P17 -> 0.6 | I17: =IF($C17="","",VLOOKUP($C17,성분!$B$2:$O$1509,7,FALSE))/100*$P17 -> 0 | J17: =IF($C17="","",VLOOKUP($C17,성분!$B$2:$O$1509,8,FALSE))/100*$P17 -> 0 | K17: =IF($C17="","",VLOOKUP($C17,성분!$B$2:$O$1509,9,FALSE))/100*$P17 -> 0 | L17: =IF($C17="","",VLOOKUP($C17,성분!$B$2:$O$1509,10,FALSE))/100*$P17 -> 0 | M17: =IF($C17="","",VLOOKUP($C17,성분!$B$2:$O$1509,11,FALSE))/100*$P17 -> 0 | N17: =IF($C17="","",VLOOKUP($C17,성분!$B$2:$O$1509,12,FALSE))/100*$P17 -> 0 | O17: =IF($C17="","",VLOOKUP($C17,성분!$B$2:$O$1509,13,FALSE))/100*$P17 -> 0 | P17: =D17 -> 15 | Q17: =($O$8*P17)/1000 -> 2.46 | R17: =INT(Q17) -> 2
A18: =ROW()-10 -> 8 | B18: 얼큰어묵국 | C18: 종합어묵 | D18: 28 | E18: =IF($C18="","",VLOOKUP($C18,성분!$B$2:$O$1509,3,FALSE))/100*P18 -> 61.6 | F18: =IF($C18="","",VLOOKUP($C18,성분!$B$2:$O$1509,5,FALSE))/100*$P18 -> 3.472 | G18: 1.2 | H18: =IF($C18="","",VLOOKUP($C18,성분!$B$2:$O$1509,6,FALSE))/100*$P18 -> 0.0532 | I18: =IF($C18="","",VLOOKUP($C18,성분!$B$2:$O$1509,7,FALSE))/100*$P18 -> 22.54 | J18: =IF($C18="","",VLOOKUP($C18,성분!$B$2:$O$1509,8,FALSE))/100*$P18 -> 0.364 | K18: =IF($C18="","",VLOOKUP($C18,성분!$B$2:$O$1509,9,FALSE))/100*$P18 -> 0 | L18: =IF($C18="","",VLOOKUP($C18,성분!$B$2:$O$1509,10,FALSE))/100*$P18 -> 0.028 | M18: =IF($C18="","",VLOOKUP($C18,성분!$B$2:$O$1509,11,FALSE))/100*$P18 -> 0.028 | N18: =IF($C18="","",VLOOKUP($C18,성분!$B$2:$O$1509,12,FALSE))/100*$P18 -> 0.0644 | O18: =IF($C18="","",VLOOKUP($C18,성분!$B$2:$O$1509,13,FALSE))/100*$P18 -> 0 | P18: =D18 -> 28 | Q18: =($O$8*P18)/1000 -> 4.592 | R18: =INT(Q18) -> 4
A19: =ROW()-10 -> 9 | C19: 무우 | D19: 20 | E19: =IF($C19="","",VLOOKUP($C19,성분!$B$2:$O$1509,3,FALSE))/100*P19 -> 3.6 | F19: =IF($C19="","",VLOOKUP($C19,성분!$B$2:$O$1509,5,FALSE))/100*$P19 -> 0.836 | G19: =IF($C19="","",VLOOKUP($C19,성분!$B$2:$O$1509,4,FALSE))/100*$P19 -> 0.16 | H19: =IF($C19="","",VLOOKUP($C19,성분!$B$2:$O$1509,6,FALSE))/100*$P19 -> 0.04 | I19: 7 | J19: =IF($C19="","",VLOOKUP($C19,성분!$B$2:$O$1509,8,FALSE))/100*$P19 -> 0.156 | K19: =IF($C19="","",VLOOKUP($C19,성분!$B$2:$O$1509,9,FALSE))/100*$P19 -> 3 | L19: =IF($C19="","",VLOOKUP($C19,성분!$B$2:$O$1509,10,FALSE))/100*$P19 -> 0.006 | M19: =IF($C19="","",VLOOKUP($C19,성분!$B$2:$O$1509,11,FALSE))/100*$P19 -> 0.012 | N19: =IF($C19="","",VLOOKUP($C19,성분!$B$2:$O$1509,12,FALSE))/100*$P19 -> 0.042 | O19: =IF($C19="","",VLOOKUP($C19,성분!$B$2:$O$1509,13,FALSE))/100*$P19 -> 0.64 | P19: =D19 -> 20 | Q19: =($O$8*P19)/1000 -> 3.28 | R19: =INT(Q19) -> 3
A20: =ROW()-10 -> 10 | C20: 대파 | D20: 3 | E20: =IF($C20="","",VLOOKUP($C20,성분!$B$2:$O$1509,3,FALSE))/100*P20 -> 0.78 | F20: =IF($C20="","",VLOOKUP($C20,성분!$B$2:$O$1509,5,FALSE))/100*$P20 -> 0.1338 | G20: =IF($C20="","",VLOOKUP($C20,성분!$B$2:$O$1509,4,FALSE))/100*$P20 -> 0 | H20: =IF($C20="","",VLOOKUP($C20,성분!$B$2:$O$1509,6,FALSE))/100*$P20 -> 0.0078 | I20: 3.43 | J20: =IF($C20="","",VLOOKUP($C20,성분!$B$2:$O$1509,8,FALSE))/100*$P20 -> 0.03 | K20: =IF($C20="","",VLOOKUP($C20,성분!$B$2:$O$1509,9,FALSE))/100*$P20 -> 3.87 | L20: =IF($C20="","",VLOOKUP($C20,성분!$B$2:$O$1509,10,FALSE))/100*$P20 -> 0.0018 | M20: =IF($C20="","",VLOOKUP($C20,성분!$B$2:$O$1509,11,FALSE))/100*$P20 -> 0.0027 | N20: =IF($C20="","",VLOOKUP($C20,성분!$B$2:$O$1509,12,FALSE))/100*$P20 -> 0.018 | O20: =IF($C20="","",VLOOKUP($C20,성분!$B$2:$O$1509,13,FALSE))/100*$P20 -> 0.63 | P20: =D20 -> 3 | Q20: =($O$8*P20)/1000 -> 0.492 | R20: =INT(Q20) -> 0
A21: =ROW()-10 -> 11 | C21: 건다시마 | D21: 1 | E21: =IF($C21="","",VLOOKUP($C21,성분!$B$2:$O$1509,3,FALSE))/100*P21 -> 1.89 | F21: =IF($C21="","",VLOOKUP($C21,성분!$B$2:$O$1509,5,FALSE))/100*$P21 -> 0.452 | G21: =IF($C21="","",VLOOKUP($C21,성분!$B$2:$O$1509,4,FALSE))/100*$P21 -> 0.074 | H21: =IF($C21="","",VLOOKUP($C21,성분!$B$2:$O$1509,6,FALSE))/100*$P21 -> 0.011 | I21: =IF($C21="","",VLOOKUP($C21,성분!$B$2:$O$1509,7,FALSE))/100*$P21 -> 7.08 | J21: =IF($C21="","",VLOOKUP($C21,성분!$B$2:$O$1509,8,FALSE))/100*$P21 -> 0.063 | K21: =IF($C21="","",VLOOKUP($C21,성분!$B$2:$O$1509,9,FALSE))/100*$P21 -> 0.96 | L21: =IF($C21="","",VLOOKUP($C21,성분!$B$2:$O$1509,10,FALSE))/100*$P21 -> 0.0022 | M21: =IF($C21="","",VLOOKUP($C21,성분!$B$2:$O$1509,11,FALSE))/100*$P21 -> 0.0045 | N21: =IF($C21="","",VLOOKUP($C21,성분!$B$2:$O$1509,12,FALSE))/100*$P21 -> 0.045 | O21: =IF($C21="","",VLOOKUP($C21,성분!$B$2:$O$1509,13,FALSE))/100*$P21 -> 0.18 | P21: =D21 -> 1 | Q21: =($O$8*P21)/1000 -> 0.164 | R21: =INT(Q21) -> 0
A22: =ROW()-10 -> 12 | C22: 다시멸치 | D22: 1 | E22: =IF($C22="","",VLOOKUP($C22,성분!$B$2:$O$1509,3,FALSE))/100*P22 -> 3.03 | F22: =IF($C22="","",VLOOKUP($C22,성분!$B$2:$O$1509,5,FALSE))/100*$P22 -> 0.003 | G22: =IF($C22="","",VLOOKUP($C22,성분!$B$2:$O$1509,4,FALSE))/100*$P22 -> 0.33 | H22: =IF($C22="","",VLOOKUP($C22,성분!$B$2:$O$1509,6,FALSE))/100*$P22 -> 0.073 | I22: =IF($C22="","",VLOOKUP($C22,성분!$B$2:$O$1509,7,FALSE))/100*$P22 -> 17 | J22: =IF($C22="","",VLOOKUP($C22,성분!$B$2:$O$1509,8,FALSE))/100*$P22 -> 0.04 | K22: =IF($C22="","",VLOOKUP($C22,성분!$B$2:$O$1509,9,FALSE))/100*$P22 -> 0 | L22: =IF($C22="","",VLOOKUP($C22,성분!$B$2:$O$1509,10,FALSE))/100*$P22 -> 0.0014 | M22: =IF($C22="","",VLOOKUP($C22,성분!$B$2:$O$1509,11,FALSE))/100*$P22 -> 0.0012 | N22: =IF($C22="","",VLOOKUP($C22,성분!$B$2:$O$1509,12,FALSE))/100*$P22 -> 0.02 | O22: =IF($C22="","",VLOOKUP($C22,성분!$B$2:$O$1509,13,FALSE))/100*$P22 -> 0 | P22: =D22 -> 1 | Q22: =($O$8*P22)/1000 -> 0.164 | R22: =INT(Q22) -> 0
A23: =ROW()-10 -> 13 | B23: 뿌리채소모듬맛탕 | C23: 통살콘오징어너겟 | D23: 50 | E23: =IF($C23="","",VLOOKUP($C23,성분!$B$2:$O$1509,3,FALSE))/100*P23 -> 50 | F23: =IF($C23="","",VLOOKUP($C23,성분!$B$2:$O$1509,5,FALSE))/100*$P23 -> 10 | G23: =IF($C23="","",VLOOKUP($C23,성분!$B$2:$O$1509,4,FALSE))/100*$P23 -> 10 | H23: =IF($C23="","",VLOOKUP($C23,성분!$B$2:$O$1509,6,FALSE))/100*$P23 -> 15 | I23: 14.85 | J23: =IF($C23="","",VLOOKUP($C23,성분!$B$2:$O$1509,8,FALSE))/100*$P23 -> 0 | K23: =IF($C23="","",VLOOKUP($C23,성분!$B$2:$O$1509,9,FALSE))/100*$P23 -> 0 | L23: =IF($C23="","",VLOOKUP($C23,성분!$B$2:$O$1509,10,FALSE))/100*$P23 -> 0 | M23: =IF($C23="","",VLOOKUP($C23,성분!$B$2:$O$1509,11,FALSE))/100*$P23 -> 0 | N23: =IF($C23="","",VLOOKUP($C23,성분!$B$2:$O$1509,12,FALSE))/100*$P23 -> 0 | O23: =IF($C23="","",VLOOKUP($C23,성분!$B$2:$O$1509,13,FALSE))/100*$P23 -> 0 | P23: =D23 -> 50 | Q23: =($O$8*P23)/1000 -> 8.2 | R23: =INT(Q23) -> 8
A24: =ROW()-10 -> 14 | C24: 옥수수볼 | D24: 40 | E24: 74.5 | F24: =IF($C24="","",VLOOKUP($C24,성분!$B$2:$O$10517,5,FALSE))/100*$P24 -> 22.8 | G24: 1 | H24: =IF($C24="","",VLOOKUP($C24,성분!$B$2:$O$10517,6,FALSE))/100*$P24 -> 2.4 | I24: =IF($C24="","",VLOOKUP($C24,성분!$B$2:$O$10517,7,FALSE))/100*$P24 -> 0 | J24: =IF($C24="","",VLOOKUP($C24,성분!$B$2:$O$10517,8,FALSE))/100*$P24 -> 0 | K24: =IF($C24="","",VLOOKUP($C24,성분!$B$2:$O$10517,9,FALSE))/100*$P24 -> 0 | L24: =IF($C24="","",VLOOKUP($C24,성분!$B$2:$O$10517,10,FALSE))/100*$P24 -> 0 | M24: =IF($C24="","",VLOOKUP($C24,성분!$B$2:$O$10517,11,FALSE))/100*$P24 -> 0 | N24: =IF($C24="","",VLOOKUP($C24,성분!$B$2:$O$10517,12,FALSE))/100*$P24 -> 0 | O24: =IF($C24="","",VLOOKUP($C24,성분!$B$2:$O$10517,13,FALSE))/100*$P24 -> 0 | P24: =D24 -> 40 | Q24: =($O$8*P24)/1000 -> 6.56 | R24: =INT(Q24) -> 6
A25: =ROW()-10 -> 15 | C25: 츄러스 | D25: 15 | E25: =IF($C25="","",VLOOKUP($C25,성분!$B$2:$O$10517,3,FALSE))/100*P25 -> 40.65 | F25: =IF($C25="","",VLOOKUP($C25,성분!$B$2:$O$10517,5,FALSE))/100*$P25 -> 8.7 | G25: 0.64 | H25: =IF($C25="","",VLOOKUP($C25,성분!$B$2:$O$10517,6,FALSE))/100*$P25 -> 1.665 | I25: 6.4 | J25: =IF($C25="","",VLOOKUP($C25,성분!$B$2:$O$10517,8,FALSE))/100*$P25 -> 0.105 | K25: =IF($C25="","",VLOOKUP($C25,성분!$B$2:$O$10517,9,FALSE))/100*$P25 -> 4.35 | L25: =IF($C25="","",VLOOKUP($C25,성분!$B$2:$O$10517,10,FALSE))/100*$P25 -> 0.021 | M25: =IF($C25="","",VLOOKUP($C25,성분!$B$2:$O$10517,11,FALSE))/100*$P25 -> 0.009 | N25: =IF($C25="","",VLOOKUP($C25,성분!$B$2:$O$10517,12,FALSE))/100*$P25 -> 0.195 | O25: =IF($C25="","",VLOOKUP($C25,성분!$B$2:$O$10517,13,FALSE))/100*$P25 -> 0 | P25: =D25 -> 15 | Q25: =($O$8*P25)/1000 -> 2.46 | R25: =INT(Q25) -> 2
A26: =ROW()-10 -> 16 | C26: 물엿 | D26: 1 | E26: =IF($C26="","",VLOOKUP($C26,성분!$B$2:$O$10517,3,FALSE))/100*P26 -> 2.93 | F26: =IF($C26="","",VLOOKUP($C26,성분!$B$2:$O$10517,5,FALSE))/100*$P26 -> 0.79 | G26: =IF($C26="","",VLOOKUP($C26,성분!$B$2:$O$10517,4,FALSE))/100*$P26 -> 0.001 | H26: =IF($C26="","",VLOOKUP($C26,성분!$B$2:$O$10517,6,FALSE))/100*$P26 -> 0 | I26: =IF($C26="","",VLOOKUP($C26,성분!$B$2:$O$10517,7,FALSE))/100*$P26 -> 0.01 | J26: =IF($C26="","",VLOOKUP($C26,성분!$B$2:$O$10517,8,FALSE))/100*$P26 -> 0.002 | K26: =IF($C26="","",VLOOKUP($C26,성분!$B$2:$O$10517,9,FALSE))/100*$P26 -> 0 | L26: =IF($C26="","",VLOOKUP($C26,성분!$B$2:$O$10517,10,FALSE))/100*$P26 -> 0 | M26: =IF($C26="","",VLOOKUP($C26,성분!$B$2:$O$10517,11,FALSE))/100*$P26 -> 0 | N26: =IF($C26="","",VLOOKUP($C26,성분!$B$2:$O$10517,12,FALSE))/100*$P26 -> 0 | O26: =IF($C26="","",VLOOKUP($C26,성분!$B$2:$O$10517,13,FALSE))/100*$P26 -> 0 | P26: =D26 -> 1 | Q26: =($O$8*P26)/1000 -> 0.164 | R26: =INT(Q26) -> 0
A27: =ROW()-10 -> 17 | B27: 단배추겉절이 | C27: 단배추 | D27: 25 | E27: =IF($C27="","",VLOOKUP($C27,성분!$B$2:$O$10517,3,FALSE))/100*P27 -> 2.5 | F27: =IF($C27="","",VLOOKUP($C27,성분!$B$2:$O$10517,5,FALSE))/100*$P27 -> 7.125 | G27: 0.24 | H27: =IF($C27="","",VLOOKUP($C27,성분!$B$2:$O$10517,6,FALSE))/100*$P27 -> 0.0225 | I27: 17.62 | J27: 0.45 | K27: =IF($C27="","",VLOOKUP($C27,성분!$B$2:$O$10517,9,FALSE))/100*$P27 -> 15.25 | L27: =IF($C27="","",VLOOKUP($C27,성분!$B$2:$O$10517,10,FALSE))/100*$P27 -> 0.0075 | M27: =IF($C27="","",VLOOKUP($C27,성분!$B$2:$O$10517,11,FALSE))/100*$P27 -> 0.0075 | N27: =IF($C27="","",VLOOKUP($C27,성분!$B$2:$O$10517,12,FALSE))/100*$P27 -> 0.175 | O27: =IF($C27="","",VLOOKUP($C27,성분!$B$2:$O$10517,13,FALSE))/100*$P27 -> 6 | P27: =D27 -> 25 | Q27: =($O$8*P27)/1000 -> 4.1 | R27: =INT(Q27) -> 4
A28: =ROW()-10 -> 18 | C28: 당근 | D28: 2 | E28: =IF($C28="","",VLOOKUP($C28,성분!$B$2:$O$10517,3,FALSE))/100*P28 -> 0.68 | F28: =IF($C28="","",VLOOKUP($C28,성분!$B$2:$O$10517,5,FALSE))/100*$P28 -> 0.1406 | G28: =IF($C28="","",VLOOKUP($C28,성분!$B$2:$O$10517,4,FALSE))/100*$P28 -> 0.02 | H28: =IF($C28="","",VLOOKUP($C28,성분!$B$2:$O$10517,6,FALSE))/100*$P28 -> 0.0026 | I28: =IF($C28="","",VLOOKUP($C28,성분!$B$2:$O$10517,7,FALSE))/100*$P28 -> 0.76 | J28: =IF($C28="","",VLOOKUP($C28,성분!$B$2:$O$10517,8,FALSE))/100*$P28 -> 0.014 | K28: =IF($C28="","",VLOOKUP($C28,성분!$B$2:$O$10517,9,FALSE))/100*$P28 -> 25.14 | L28: =IF($C28="","",VLOOKUP($C28,성분!$B$2:$O$10517,10,FALSE))/100*$P28 -> 0.0012 | M28: =IF($C28="","",VLOOKUP($C28,성분!$B$2:$O$10517,11,FALSE))/100*$P28 -> 0.0008 | N28: =IF($C28="","",VLOOKUP($C28,성분!$B$2:$O$10517,12,FALSE))/100*$P28 -> 0.016 | O28: =IF($C28="","",VLOOKUP($C28,성분!$B$2:$O$10517,13,FALSE))/100*$P28 -> 0.12 | P28: =D28 -> 2 | Q28: =($O$8*P28)/1000 -> 0.328 | R28: =INT(Q28) -> 0
A29: =ROW()-10 -> 19 | C29: 참기름 | D29: 1 | E29: =IF($C29="","",VLOOKUP($C29,성분!$B$2:$O$10517,3,FALSE))/100*P29 -> 8.84 | F29: =IF($C29="","",VLOOKUP($C29,성분!$B$2:$O$10517,5,FALSE))/100*$P29 -> 0.004 | G29: =IF($C29="","",VLOOKUP($C29,성분!$B$2:$O$10517,4,FALSE))/100*$P29 -> 0 | H29: =IF($C29="","",VLOOKUP($C29,성분!$B$2:$O$10517,6,FALSE))/100*$P29 -> 1 | I29: =IF($C29="","",VLOOKUP($C29,성분!$B$2:$O$10517,7,FALSE))/100*$P29 -> 0 | J29: =IF($C29="","",VLOOKUP($C29,성분!$B$2:$O$10517,8,FALSE))/100*$P29 -> 0 | K29: =IF($C29="","",VLOOKUP($C29,성분!$B$2:$O$10517,9,FALSE))/100*$P29 -> 0 | L29: =IF($C29="","",VLOOKUP($C29,성분!$B$2:$O$10517,10,FALSE))/100*$P29 -> 0 | M29: =IF($C29="","",VLOOKUP($C29,성분!$B$2:$O$10517,11,FALSE))/100*$P29 -> 0 | N29: =IF($C29="","",VLOOKUP($C29,성분!$B$2:$O$10517,12,FALSE))/100*$P29 -> 0 | O29: =IF($C29="","",VLOOKUP($C29,성분!$B$2:$O$10517,13,FALSE))/100*$P29 -> 0 | P29: =D29 -> 1 | Q29: =($O$8*P29)/1000 -> 0.164 | R29: =INT(Q29) -> 0
A30: =ROW()-10 -> 20 | B30: 딸기타임 | C30: 딸기타임 | D30: 100 | E30: =IF($C30="","",VLOOKUP($C30,성분!$B$2:$O$10517,3,FALSE))/100*P30 -> 57.5 | F30: =IF($C30="","",VLOOKUP($C30,성분!$B$2:$O$10517,5,FALSE))/100*$P30 -> 10.5 | G30: 1.4 | H30: =IF($C30="","",VLOOKUP($C30,성분!$B$2:$O$10517,6,FALSE))/100*$P30 -> 1 | I30: =IF($C30="","",VLOOKUP($C30,성분!$B$2:$O$10517,7,FALSE))/100*$P30 -> 0 | J30: =IF($C30="","",VLOOKUP($C30,성분!$B$2:$O$10517,8,FALSE))/100*$P30 -> 0 | K30: =IF($C30="","",VLOOKUP($C30,성분!$B$2:$O$10517,9,FALSE))/100*$P30 -> 0 | L30: =IF($C30="","",VLOOKUP($C30,성분!$B$2:$O$10517,10,FALSE))/100*$P30 -> 0 | M30: =IF($C30="","",VLOOKUP($C30,성분!$B$2:$O$10517,11,FALSE))/100*$P30 -> 0 | N30: =IF($C30="","",VLOOKUP($C30,성분!$B$2:$O$10517,12,FALSE))/100*$P30 -> 0 | O30: =IF($C30="","",VLOOKUP($C30,성분!$B$2:$O$10517,13,FALSE))/100*$P30 -> 0 | P30: =D30 -> 100 | Q30: =($O$8*P30)/1000 -> 16.4 | R30: =INT(Q30) -> 16
A31: 1인 기준량 | E31: =SUM(E11:E30) -> 695 | F31: =SUM(F11:F30) -> 147.7274 | G31: =SUM(G11:G30) -> 29.495 | H31: =SUM(H11:H30) -> 31.4761 | I31: =SUM(I11:I30) -> 236.08 | J31: =SUM(J11:J30) -> 3.184 | K31: =SUM(K11:K30) -> 131.17 | L31: =SUM(L11:L30) -> 0.2191 | ... O31: =SUM(O11:O30) -> 15.72 | P31: =D31 -> 0 | Q31: =($O$8*P31)/1000 -> 0 | R31: =INT(Q31) -> 0
A32: 급식모니터링, 대면검수 1. 맛 양호 2. 이물,이취 등 없음 3.조리상태 양호. | R32: =INT(Q32) -> 0
A33: ※식품원산지표기 | S33: =INT(R33) -> 0
A34: 쌀: 국내산 | P34: 1인 급식비 | R34: 5000
A35: 포기김치:배추(국내산) / 돼지고기(국내산) / 닭고기(국내산) / 식육가공품(국내산/외국산) | P35: 1인 식품비 | R35: =R34*0.72 -> 3600
P36: 비율 | R36: 0.72
G37: 667 | H37: 15 | I37: 300 | J37: 5.4 | K37: 234 | L37: 0.34 | M37: 0.4 | N37: 5.26 | O37: 33.4
D1347: 240

Sheet 1화
M1: 업체담당 | N1: 학교담당 | O1: 행정실장
M2: 정소예
A3: 일 자 : | C3: 45748 | E3: 석식
A6: 급식학생수 | O6: 총계
A7: 구분 | D7: 1학년 | F7: 2학년 | H7: 3학년 | K7: 합계 | M7: 교직원
A8: 심인고등학교 | D8: 0 | F8: 0 | H8: 104 | K8: =SUM(D8:J8) -> 104 | M8: 2 | O8: =SUM(K8:N8) -> 106
A9: 식 단 | D9: 백미밥,크림스프,치킨스테이크,미트소스스파게티,김치볶음,부시맨빵&초코잼
A10: 번호 | B10: 메뉴명 | C10: 식품명 | D10: 1인량 (g) | E10: 열량 (kcal) | F10: 탄수화물 (g) | G10: 단백질 (g) | H10: 지방 (g) | I10: 칼슘 (mg) | J10: 철 (mg) | K10: VIT-A (RE) | L10: VIT-B1 (mg) | M10: VIT-B2 (mg) | N10: NIACIN (mg) | O10: VIT-C | P10: 기준량 | Q10: 총량
A11: =ROW()-10 -> 1 | B11: 백미밥 | C11: 쌀 | D11: 100 | E11: =IF($C11="","",VLOOKUP($C11,성분!$B$2:$O$1509,3,FALSE))/100*P11 -> 240 | F11: =IF($C11="","",VLOOKUP($C11,성분!$B$2:$O$1509,5,FALSE))/100*$P11 -> 78.5 | G11: =IF($C11="","",VLOOKUP($C11,성분!$B$2:$O$1509,4,FALSE))/100*$P11 -> 6.4 | H11: =IF($C11="","",VLOOKUP($C11,성분!$B$2:$O$1509,6,FALSE))/100*$P11 -> 0.4 | I11: =IF($C11="","",VLOOKUP($C11,성분!$B$2:$O$1509,7,FALSE))/100*$P11 -> 7 | J11: =IF($C11="","",VLOOKUP($C11,성분!$B$2:$O$1509,8,FALSE))/100*$P11 -> 0.5 | K11: =IF($C11="","",VLOOKUP($C11,성분!$B$2:$O$1509,9,FALSE))/100*$P11 -> 0 | L11: =IF($C11="","",VLOOKUP($C11,성분!$B$2:$O$1509,10,FALSE))/100*$P11 -> 0.12 | M11: =IF($C11="","",VLOOKUP($C11,성분!$B$2:$O$1509,11,FALSE))/100*$P11 -> 0 | N11: =IF($C11="","",VLOOKUP($C11,성분!$B$2:$O$1509,12,FALSE))/100*$P11 -> 1.4 | O11: =IF($C11="","",VLOOKUP($C11,성분!$B$2:$O$1509,13,FALSE))/100*$P11 -> 0 | P11: =D11 -> 100 | Q11: =($O$8*P11)/1000 -> 10.6 | R11: =INT(Q11) -> 10
A12: =ROW()-10 -> 2 | B12: 크림스프 | C12: 크림스프 | D12: 20 | E12: =IF($C12="","",VLOOKUP($C12,성분!$B$2:$O$1509,3,FALSE))/100*P12 -> 90.8 | F12: =IF($C12="","",VLOOKUP($C12,성분!$B$2:$O$1509,5,FALSE))/100*$P12 -> 12.8 | G12: =IF($C12="","",VLOOKUP($C12,성분!$B$2:$O$1509,4,FALSE))/100*$P12 -> 1.46 | H12: =IF($C12="","",VLOOKUP($C12,성분!$B$2:$O$1509,6,FALSE))/100*$P12 -> 3.74 | I12: =IF($C12="","",VLOOKUP($C12,성분!$B$2:$O$1509,7,FALSE))/100*$P12 -> 17.8 | J12: =IF($C12="","",VLOOKUP($C12,성분!$B$2:$O$1509,8,FALSE))/100*$P12 -> 0.1 | K12: =IF($C12="","",VLOOKUP($C12,성분!$B$2:$O$1509,9,FALSE))/100*$P12 -> 15.2 | L12: =IF($C12="","",VLOOKUP($C12,성분!$B$2:$O$1509,10,FALSE))/100*$P12 -> 0.918 | M12: =IF($C12="","",VLOOKUP($C12,성분!$B$2:$O$1509,11,FALSE))/100*$P12 -> 0.01 | N12: =IF($C12="","",VLOOKUP($C12,성분!$B$2:$O$1509,12,FALSE))/100*$P12 -> 0.26 | O12: =IF($C12="","",VLOOKUP($C12,성분!$B$2:$O$1509,13,FALSE))/100*$P12 -> 0 | P12: =D12 -> 20 | Q12: =($O$8*P12)/1000 -> 2.12 | R12: =INT(Q12) -> 2
A13: =ROW()-10 -> 3 | C13: 당근 | D13: 3 | E13: =IF($C13="","",VLOOKUP($C13,성분!$B$2:$O$1509,3,FALSE))/100*P13 -> 1.02 | F13: =IF($C13="","",VLOOKUP($C13,성분!$B$2:$O$1509,5,FALSE))/100*$P13 -> 0.2109 | G13: =IF($C13="","",VLOOKUP($C13,성분!$B$2:$O$1509,4,FALSE))/100*$P13 -> 0.03 | H13: =IF($C13="","",VLOOKUP($C13,성분!$B$2:$O$1509,6,FALSE))/100*$P13 -> 0.0039 | I13: =IF($C13="","",VLOOKUP($C13,성분!$B$2:$O$1509,7,FALSE))/100*$P13 -> 1.14 | J13: =IF($C13="","",VLOOKUP($C13,성분!$B$2:$O$1509,8,FALSE))/100*$P13 -> 0.021 | K13: =IF($C13="","",VLOOKUP($C13,성분!$B$2:$O$1509,9,FALSE))/100*$P13 -> 37.71 | L13: =IF($C13="","",VLOOKUP($C13,성분!$B$2:$O$1509,10,FALSE))/100*$P13 -> 0.0018 | M13: =IF($C13="","",VLOOKUP($C13,성분!$B$2:$O$1509,11,FALSE))/100*$P13 -> 0.0012 | N13: =IF($C13="","",VLOOKUP($C13,성분!$B$2:$O$1509,12,FALSE))/100*$P13 -> 0.024 | O13: =IF($C13="","",VLOOKUP($C13,성분!$B$2:$O$1509,13,FALSE))/100*$P13 -> 0.18 | P13: =D13 -> 3 | Q13: =($O$8*P13)/1000 -> 0.318 | R13: =INT(Q13) -> 0
A14: =ROW()-10 -> 4 | C14: 파슬리찹 | D14: 1 | E14: =IF($C14="","",VLOOKUP($C14,성분!$B$2:$O$1509,3,FALSE))/100*P14 -> 2.92 | F14: =IF($C14="","",VLOOKUP($C14,성분!$B$2:$O$1509,5,FALSE))/100*$P14 -> 0.5064 | G14: =IF($C14="","",VLOOKUP($C14,성분!$B$2:$O$1509,4,FALSE))/100*$P14 -> 0.2663 | H14: =IF($C14="","",VLOOKUP($C14,성분!$B$2:$O$1509,6,FALSE))/100*$P14 -> 0.0548 | I14: =IF($C14="","",VLOOKUP($C14,성분!$B$2:$O$1509,7,FALSE))/100*$P14 -> 11.4 | J14: =IF($C14="","",VLOOKUP($C14,성분!$B$2:$O$1509,8,FALSE))/100*$P14 -> 0.2204 | K14: =IF($C14="","",VLOOKUP($C14,성분!$B$2:$O$1509,9,FALSE))/100*$P14 -> 11.52 | L14: =IF($C14="","",VLOOKUP($C14,성분!$B$2:$O$1509,10,FALSE))/100*$P14 -> 0.002 | M14: =IF($C14="","",VLOOKUP($C14,성분!$B$2:$O$1509,11,FALSE))/100*$P14 -> 0.0238 | N14: =IF($C14="","",VLOOKUP($C14,성분!$B$2:$O$1509,12,FALSE))/100*$P14 -> 0.0994 | O14: =IF($C14="","",VLOOKUP($C14,성분!$B$2:$O$1509,13,FALSE))/100*$P14 -> 1.25 | P14: =D14 -> 1 | Q14: =($O$8*P14)/1000 -> 0.106 | R14: =INT(Q14) -> 0
A15: =ROW()-10 -> 5 | B15: 치킨스테이크 | C15: 치킨스테이크 | D15: 100 | E15: =IF($C15="","",VLOOKUP($C15,성분!$B$2:$O$1509,3,FALSE))/100*P15 -> 200 | F15: =IF($C15="","",VLOOKUP($C15,성분!$B$2:$O$1509,5,FALSE))/100*$P15 -> 10 | G15: =IF($C15="","",VLOOKUP($C15,성분!$B$2:$O$1509,4,FALSE))/100*$P15 -> 15 | H15: =IF($C15="","",VLOOKUP($C15,성분!$B$2:$O$1509,6,FALSE))/100*$P15 -> 11 | I15: =IF($C15="","",VLOOKUP($C15,성분!$B$2:$O$1509,7,FALSE))/100*$P15 -> 0 | J15: =IF($C15="","",VLOOKUP($C15,성분!$B$2:$O$1509,8,FALSE))/100*$P15 -> 0 | K15: =IF($C15="","",VLOOKUP($C15,성분!$B$2:$O$1509,9,FALSE))/100*$P15 -> 0 | L15: =IF($C15="","",VLOOKUP($C15,성분!$B$2:$O$1509,10,FALSE))/100*$P15 -> 0 | M15: =IF($C15="","",VLOOKUP($C15,성분!$B$2:$O$1509,11,FALSE))/100*$P15 -> 0 | N15: =IF($C15="","",VLOOKUP($C15,성분!$B$2:$O$1509,12,FALSE))/100*$P15 -> 0 | O15: =IF($C15="","",VLOOKUP($C15,성분!$B$2:$O$1509,13,FALSE))/100*$P15 -> 0 | P15: =D15 -> 100 | Q15: =($O$8*P15)/1000 -> 10.6 | R15: =INT(Q15) -> 10
A16: =ROW()-10 -> 6 | C16: 스테이크소스 | D16: 15 | E16: =IF($C16="","",VLOOKUP($C16,성분!$B$2:$O$1509,3,FALSE))/100*P16 -> 17.85 | F16: =IF($C16="","",VLOOKUP($C16,성분!$B$2:$O$1509,5,FALSE))/100*$P16 -> 4.275 | G16: =IF($C16="","",VLOOKUP($C16,성분!$B$2:$O$1509,4,FALSE))/100*$P16 -> 0.165 | H16: =IF($C16="","",VLOOKUP($C16,성분!$B$2:$O$1509,6,FALSE))/100*$P16 -> 0.96 | I16: =IF($C16="","",VLOOKUP($C16,성분!$B$2:$O$1509,7,FALSE))/100*$P16 -> 0 | J16: =IF($C16="","",VLOOKUP($C16,성분!$B$2:$O$1509,8,FALSE))/100*$P16 -> 0 | K16: =IF($C16="","",VLOOKUP($C16,성분!$B$2:$O$1509,9,FALSE))/100*$P16 -> 0 | L16: =IF($C16="","",VLOOKUP($C16,성분!$B$2:$O$1509,10,FALSE))/100*$P16 -> 0 | M16: =IF($C16="","",VLOOKUP($C16,성분!$B$2:$O$1509,11,FALSE))/100*$P16 -> 0 | N16: =IF($C16="","",VLOOKUP($C16,성분!$B$2:$O$1509,12,FALSE))/100*$P16 -> 0 | O16: =IF($C16="","",VLOOKUP($C16,성분!$B$2:$O$1509,13,FALSE))/100*$P16 -> 0 | P16: =D16 -> 15 | Q16: =($O$8*P16)/1000 -> 1.59 | R16: =INT(Q16) -> 1
A17: =ROW()-10 -> 7 | C17: 양파 | D17: 15 | E17: =IF($C17="","",VLOOKUP($C17,성분!$B$2:$O$1509,3,FALSE))/100*P17 -> 5.25 | F17: =IF($C17="","",VLOOKUP($C17,성분!$B$2:$O$1509,5,FALSE))/100*$P17 -> 1.149 | G17: =IF($C17="","",VLOOKUP($C17,성분!$B$2:$O$1509,4,FALSE))/100*$P17 -> 0.15 | H17: =IF($C17="","",VLOOKUP($C17,성분!$B$2:$O$1509,6,FALSE))/100*$P17 -> 0.0285 | I17: =IF($C17="","",VLOOKUP($C17,성분!$B$2:$O$1509,7,FALSE))/100*$P17 -> 2.25 | J17: =IF($C17="","",VLOOKUP($C17,성분!$B$2:$O$1509,8,FALSE))/100*$P17 -> 0.045 | K17: =IF($C17="","",VLOOKUP($C17,성분!$B$2:$O$1509,9,FALSE))/100*$P17 -> 0 | L17: =IF($C17="","",VLOOKUP($C17,성분!$B$2:$O$1509,10,FALSE))/100*$P17 -> 0.006 | M17: =IF($C17="","",VLOOKUP($C17,성분!$B$2:$O$1509,11,FALSE))/100*$P17 -> 0.0015 | N17: =IF($C17="","",VLOOKUP($C17,성분!$B$2:$O$1509,12,FALSE))/100*$P17 -> 0.03 | O17: =IF($C17="","",VLOOKUP($C17,성분!$B$2:$O$1509,13,FALSE))/100*$P17 -> 1.2 | P17: =D17 -> 15 | Q17: =($O$8*P17)/1000 -> 1.59 | R17: =INT(Q17) -> 1
A18: =ROW()-10 -> 8 | C18: 양송이버섯캔 | D18: 10 | E18: =IF($C18="","",VLOOKUP($C18,성분!$B$2:$O$1509,3,FALSE))/100*P18 -> 13.2 | F18: =IF($C18="","",VLOOKUP($C18,성분!$B$2:$O$1509,5,FALSE))/100*$P18 -> 0.387 | G18: =IF($C18="","",VLOOKUP($C18,성분!$B$2:$O$1509,4,FALSE))/100*$P18 -> 0.375 | H18: =IF($C18="","",VLOOKUP($C18,성분!$B$2:$O$1509,6,FALSE))/100*$P18 -> 0.041 | I18: =IF($C18="","",VLOOKUP($C18,성분!$B$2:$O$1509,7,FALSE))/100*$P18 -> 0.6 | J18: =IF($C18="","",VLOOKUP($C18,성분!$B$2:$O$1509,8,FALSE))/100*$P18 -> 0.063 | K18: =IF($C18="","",VLOOKUP($C18,성분!$B$2:$O$1509,9,FALSE))/100*$P18 -> 0.2 | L18: =IF($C18="","",VLOOKUP($C18,성분!$B$2:$O$1509,10,FALSE))/100*$P18 -> 0 | M18: =IF($C18="","",VLOOKUP($C18,성분!$B$2:$O$1509,11,FALSE))/100*$P18 -> 0.005 | N18: =IF($C18="","",VLOOKUP($C18,성분!$B$2:$O$1509,12,FALSE))/100*$P18 -> 0.075 | O18: =IF($C18="","",VLOOKUP($C18,성분!$B$2:$O$1509,13,FALSE))/100*$P18 -> 0.288 | P18: =D18 -> 10 | Q18: =($O$8*P18)/1000 -> 1.06 | R18: =INT(Q18) -> 1
A19: =ROW()-10 -> 9 | B19: 미트소스스파게티 | C19: 스파게티면 | D19: 38 | E19: =IF($C19="","",VLOOKUP($C19,성분!$B$2:$O$1509,3,FALSE))/100*P19 -> 135.66 | F19: =IF($C19="","",VLOOKUP($C19,성분!$B$2:$O$1509,5,FALSE))/100*$P19 -> 28.348 | G19: =IF($C19="","",VLOOKUP($C19,성분!$B$2:$O$1509,4,FALSE))/100*$P19 -> 4.256 | H19: =IF($C19="","",VLOOKUP($C19,성분!$B$2:$O$1509,6,FALSE))/100*$P19 -> 0.76 | I19: =IF($C19="","",VLOOKUP($C19,성분!$B$2:$O$1509,7,FALSE))/100*$P19 -> 9.88 | J19: =IF($C19="","",VLOOKUP($C19,성분!$B$2:$O$1509,8,FALSE))/100*$P19 -> 0.57 | K19: =IF($C19="","",VLOOKUP($C19,성분!$B$2:$O$1509,9,FALSE))/100*$P19 -> 0 | L19: =IF($C19="","",VLOOKUP($C19,성분!$B$2:$O$1509,10,FALSE))/100*$P19 -> 0 | M19: =IF($C19="","",VLOOKUP($C19,성분!$B$2:$O$1509,11,FALSE))/100*$P19 -> 0 | N19: =IF($C19="","",VLOOKUP($C19,성분!$B$2:$O$1509,12,FALSE))/100*$P19 -> 0 | O19: =IF($C19="","",VLOOKUP($C19,성분!$B$2:$O$1509,13,FALSE))/100*$P19 -> 0 | P19: =D19 -> 38 | Q19: =($O$8*P19)/1000 -> 4.028 | R19: =INT(Q19) -> 4
A20: =ROW()-10 -> 10 | C20: 돈민찌 | D20: 7 | E20: =IF($C20="","",VLOOKUP($C20,성분!$B$2:$O$1509,3,FALSE))/100*P20 -> 8.47 | F20: =IF($C20="","",VLOOKUP($C20,성분!$B$2:$O$1509,5,FALSE))/100*$P20 -> 0 | G20: =IF($C20="","",VLOOKUP($C20,성분!$B$2:$O$1509,4,FALSE))/100*$P20 -> 0.987 | H20: =IF($C20="","",VLOOKUP($C20,성분!$B$2:$O$1509,6,FALSE))/100*$P20 -> 1.155 | I20: =IF($C20="","",VLOOKUP($C20,성분!$B$2:$O$1509,7,FALSE))/100*$P20 -> 0.14 | J20: =IF($C20="","",VLOOKUP($C20,성분!$B$2:$O$1509,8,FALSE))/100*$P20 -> 0.112 | K20: =IF($C20="","",VLOOKUP($C20,성분!$B$2:$O$1509,9,FALSE))/100*$P20 -> 0.14 | L20: =IF($C20="","",VLOOKUP($C20,성분!$B$2:$O$1509,10,FALSE))/100*$P20 -> 0.0637 | M20: =IF($C20="","",VLOOKUP($C20,성분!$B$2:$O$1509,11,FALSE))/100*$P20 -> 0.0126 | N20: =IF($C20="","",VLOOKUP($C20,성분!$B$2:$O$1509,12,FALSE))/100*$P20 -> 0.287 | O20: =IF($C20="","",VLOOKUP($C20,성분!$B$2:$O$1509,13,FALSE))/100*$P20 -> 0 | P20: =D20 -> 7 | Q20: =($O$8*P20)/1000 -> 0.742 | R20: =INT(Q20) -> 0
A21: =ROW()-10 -> 11 | C21: 베이컨 | D21: 7 | E21: =IF($C21="","",VLOOKUP($C21,성분!$B$2:$O$1509,3,FALSE))/100*P21 -> 21.56 | F21: =IF($C21="","",VLOOKUP($C21,성분!$B$2:$O$10517,5,FALSE))/100*$P21 -> 0.098 | G21: =IF($C21="","",VLOOKUP($C21,성분!$B$2:$O$1509,4,FALSE))/100*$P21 -> 1.197 | H21: =IF($C21="","",VLOOKUP($C21,성분!$B$2:$O$1509,6,FALSE))/100*$P21 -> 0.945 | I21: =IF($C21="","",VLOOKUP($C21,성분!$B$2:$O$1509,7,FALSE))/100*$P21 -> 0.7 | J21: =IF($C21="","",VLOOKUP($C21,성분!$B$2:$O$1509,8,FALSE))/100*$P21 -> 0.056 | K21: =IF($C21="","",VLOOKUP($C21,성분!$B$2:$O$1509,9,FALSE))/100*$P21 -> 0.56 | L21: =IF($C21="","",VLOOKUP($C21,성분!$B$2:$O$1509,10,FALSE))/100*$P21 -> 0.035 | M21: =IF($C21="","",VLOOKUP($C21,성분!$B$2:$O$10517,11,FALSE))/100*$P21 -> 0.007 | N21: =IF($C21="","",VLOOKUP($C21,성분!$B$2:$O$10517,12,FALSE))/100*$P21 -> 0.329 | O21: =IF($C21="","",VLOOKUP($C21,성분!$B$2:$O$10517,13,FALSE))/100*$P21 -> 1.89 | P21: =D21 -> 7 | Q21: =($O$8*P21)/1000 -> 0.742 | R21: =INT(Q21) -> 0
A22: =ROW()-10 -> 12 | C22: 청피망 | D22: 7 | E22: =IF($C22="","",VLOOKUP($C22,성분!$B$2:$O$10517,3,FALSE))/100*P22 -> 1.19 | F22: =IF($C22="","",VLOOKUP($C22,성분!$B$2:$O$10517,5,FALSE))/100*$P22 -> 0.2226 | G22: =IF($C22="","",VLOOKUP($C22,성분!$B$2:$O$1509,4,FALSE))/100*$P22 -> 0 | H22: =IF($C22="","",VLOOKUP($C22,성분!$B$2:$O$1509,6,FALSE))/100*$P22 -> 0.0098 | I22: =IF($C22="","",VLOOKUP($C22,성분!$B$2:$O$1509,7,FALSE))/100*$P22 -> 0.7 | J22: =IF($C22="","",VLOOKUP($C22,성분!$B$2:$O$1509,8,FALSE))/100*$P22 -> 0.035 | K22: =IF($C22="","",VLOOKUP($C22,성분!$B$2:$O$1509,9,FALSE))/100*$P22 -> 4.48 | L22: =IF($C22="","",VLOOKUP($C22,성분!$B$2:$O$1509,10,FALSE))/100*$P22 -> 0.0021 | M22: =IF($C22="","",VLOOKUP($C22,성분!$B$2:$O$10517,11,FALSE))/100*$P22 -> 0.0049 | N22: =IF($C22="","",VLOOKUP($C22,성분!$B$2:$O$10517,12,FALSE))/100*$P22 -> 0.049 | O22: =IF($C22="","",VLOOKUP($C22,성분!$B$2:$O$10517,13,FALSE))/100*$P22 -> 3.71 | P22: =D22 -> 7 | Q22: =($O$8*P22)/1000 -> 0.742 | R22: =INT(Q22) -> 0
A23: =ROW()-10 -> 13 | C23: 양파 | D23: 10 | E23: =IF($C23="","",VLOOKUP($C23,성분!$B$2:$O$10517,3,FALSE))/100*P23 -> 3.5 | F23: =IF($C23="","",VLOOKUP($C23,성분!$B$2:$O$10517,5,FALSE))/100*$P23 -> 0.766 | G23: =IF($C23="","",VLOOKUP($C23,성분!$B$2:$O$1509,4,FALSE))/100*$P23 -> 0.1 | H23: =IF($C23="","",VLOOKUP($C23,성분!$B$2:$O$1509,6,FALSE))/100*$P23 -> 0.019 | I23: =IF($C23="","",VLOOKUP($C23,성분!$B$2:$O$1509,7,FALSE))/100*$P23 -> 1.5 | J23: =IF($C23="","",VLOOKUP($C23,성분!$B$2:$O$1509,8,FALSE))/100*$P23 -> 0.03 | K23: =IF($C23="","",VLOOKUP($C23,성분!$B$2:$O$1509,9,FALSE))/100*$P23 -> 0 | L23: =IF($C23="","",VLOOKUP($C23,성분!$B$2:$O$1509,10,FALSE))/100*$P23 -> 0.004 | M23: =IF($C23="","",VLOOKUP($C23,성분!$B$2:$O$10517,11,FALSE))/100*$P23 -> 0.001 | N23: =IF($C23="","",VLOOKUP($C23,성분!$B$2:$O$10517,12,FALSE))/100*$P23 -> 0.02 | O23: =IF($C23="","",VLOOKUP($C23,성분!$B$2:$O$10517,13,FALSE))/100*$P23 -> 0.8 | P23: =D23 -> 10 | Q23: =($O$8*P23)/1000 -> 1.06 | R23: =INT(Q23) -> 1
A24: =ROW()-10 -> 14 | C24: 양송이버섯캔 | D24: 10 | E24: =IF($C24="","",VLOOKUP($C24,성분!$B$2:$O$10517,3,FALSE))/100*P24 -> 13.2 | F24: =IF($C24="","",VLOOKUP($C24,성분!$B$2:$O$10517,5,FALSE))/100*$P24 -> 0.387 | G24: =IF($C24="","",VLOOKUP($C24,성분!$B$2:$O$1509,4,FALSE))/100*$P24 -> 0.375 | H24: =IF($C24="","",VLOOKUP($C24,성분!$B$2:$O$1509,6,FALSE))/100*$P24 -> 0.041 | I24: =IF($C24="","",VLOOKUP($C24,성분!$B$2:$O$1509,7,FALSE))/100*$P24 -> 0.6 | J24: =IF($C24="","",VLOOKUP($C24,성분!$B$2:$O$1509,8,FALSE))/100*$P24 -> 0.063 | K24: =IF($C24="","",VLOOKUP($C24,성분!$B$2:$O$1509,9,FALSE))/100*$P24 -> 0.2 | L24: =IF($C24="","",VLOOKUP($C24,성분!$B$2:$O$1509,10,FALSE))/100*$P24 -> 0 | M24: =IF($C24="","",VLOOKUP($C24,성분!$B$2:$O$10517,11,FALSE))/100*$P24 -> 0.005 | N24: =IF($C24="","",VLOOKUP($C24,성분!$B$2:$O$10517,12,FALSE))/100*$P24 -> 0.075 | O24: =IF($C24="","",VLOOKUP($C24,성분!$B$2:$O$10517,13,FALSE))/100*$P24 -> 0.288 | P24: =D24 -> 10 | Q24: =($O$8*P24)/1000 -> 1.06 | R24: =INT(Q24) -> 1
A25: =ROW()-10 -> 15 | C25: 토마토페이스트 | D25: 10 | E25: =IF($C25="","",VLOOKUP($C25,성분!$B$2:$O$10517,3,FALSE))/100*P25 -> 8.7 | F25: =IF($C25="","",VLOOKUP($C25,성분!$B$2:$O$10517,5,FALSE))/100*$P25 -> 1.98 | G25: =IF($C25="","",VLOOKUP($C25,성분!$B$2:$O$1509,4,FALSE))/100*$P25 -> 0.37 | H25: =IF($C25="","",VLOOKUP($C25,성분!$B$2:$O$1509,6,FALSE))/100*$P25 -> 0.024 | I25: =IF($C25="","",VLOOKUP($C25,성분!$B$2:$O$1509,7,FALSE))/100*$P25 -> 4.5 | J25: =IF($C25="","",VLOOKUP($C25,성분!$B$2:$O$1509,8,FALSE))/100*$P25 -> 0.15 | K25: =IF($C25="","",VLOOKUP($C25,성분!$B$2:$O$1509,9,FALSE))/100*$P25 -> 33.3 | L25: =IF($C25="","",VLOOKUP($C25,성분!$B$2:$O$1509,10,FALSE))/100*$P25 -> 0.02 | M25: =IF($C25="","",VLOOKUP($C25,성분!$B$2:$O$10517,11,FALSE))/100*$P25 -> 0.014 | N25: =IF($C25="","",VLOOKUP($C25,성분!$B$2:$O$10517,12,FALSE))/100*$P25 -> 0.36 | O25: =IF($C25="","",VLOOKUP($C25,성분!$B$2:$O$10517,13,FALSE))/100*$P25 -> 5.5 | P25: =D25 -> 10 | Q25: =($O$8*P25)/1000 -> 1.06 | R25: =INT(Q25) -> 1
A26: =ROW()-10 -> 16 | B26: 김치볶음 | C26: 맛김치 | D26: 60 | E26: =IF($C26="","",VLOOKUP($C26,성분!$B$2:$O$10517,3,FALSE))/100*P26 -> 30 | F26: =IF($C26="","",VLOOKUP($C26,성분!$B$2:$O$10517,5,FALSE))/100*$P26 -> 2.64 | G26: =IF($C26="","",VLOOKUP($C26,성분!$B$2:$O$1509,4,FALSE))/100*$P26 -> 1.2 | H26: =IF($C26="","",VLOOKUP($C26,성분!$B$2:$O$1509,6,FALSE))/100*$P26 -> 0.12 | I26: =IF($C26="","",VLOOKUP($C26,성분!$B$2:$O$1509,7,FALSE))/100*$P26 -> 28.2 | J26: =IF($C26="","",VLOOKUP($C26,성분!$B$2:$O$1509,8,FALSE))/100*$P26 -> 0.48 | K26: =IF($C26="","",VLOOKUP($C26,성분!$B$2:$O$1509,9,FALSE))/100*$P26 -> 28.8 | L26: =IF($C26="","",VLOOKUP($C26,성분!$B$2:$O$1509,10,FALSE))/100*$P26 -> 0.036 | M26: =IF($C26="","",VLOOKUP($C26,성분!$B$2:$O$10517,11,FALSE))/100*$P26 -> 0.036 | N26: =IF($C26="","",VLOOKUP($C26,성분!$B$2:$O$10517,12,FALSE))/100*$P26 -> 0.48 | O26: =IF($C26="","",VLOOKUP($C26,성분!$B$2:$O$10517,13,FALSE))/100*$P26 -> 8.4 | P26: =D26 -> 60 | Q26: =($O$8*P26)/1000 -> 6.36 | R26: =INT(Q26) -> 6
A27: =ROW()-10 -> 17 | B27: 부시맨빵&초코쨈 | C27: 부시맨빵 | D27: 35 | E27: =IF($C27="","",VLOOKUP($C27,성분!$B$2:$O$10517,3,FALSE))/100*P27 -> 32.55 | F27: =IF($C27="","",VLOOKUP($C27,성분!$B$2:$O$10517,5,FALSE))/100*$P27 -> 6.65 | G27: =IF($C27="","",VLOOKUP($C27,성분!$B$2:$O$1509,4,FALSE))/100*$P27 -> 0.35 | H27: =IF($C27="","",VLOOKUP($C27,성분!$B$2:$O$1509,6,FALSE))/100*$P27 -> 0 | I27: =IF($C27="","",VLOOKUP($C27,성분!$B$2:$O$1509,7,FALSE))/100*$P27 -> 0 | J27: =IF($C27="","",VLOOKUP($C27,성분!$B$2:$O$1509,8,FALSE))/100*$P27 -> 0 | K27: =IF($C27="","",VLOOKUP($C27,성분!$B$2:$O$1509,9,FALSE))/100*$P27 -> 0 | L27: =IF($C27="","",VLOOKUP($C27,성분!$B$2:$O$1509,10,FALSE))/100*$P27 -> 0 | M27: =IF($C27="","",VLOOKUP($C27,성분!$B$2:$O$10517,11,FALSE))/100*$P27 -> 0 | N27: =IF($C27="","",VLOOKUP($C27,성분!$B$2:$O$10517,12,FALSE))/100*$P27 -> 0 | O27: =IF($C27="","",VLOOKUP($C27,성분!$B$2:$O$10517,13,FALSE))/100*$P27 -> 0 | P27: =D27 -> 35 | Q27: =($O$8*P27)/1000 -> 3.71 | R27: =INT(Q27) -> 3
A28: =ROW()-10 -> 18 | C28: 초코잼 | D28: 12 | E28: =IF($C28="","",VLOOKUP($C28,성분!$B$2:$O$10517,3,FALSE))/100*P28 -> 49.92 | F28: =IF($C28="","",VLOOKUP($C28,성분!$B$2:$O$10517,5,FALSE))/100*$P28 -> 8.052 | G28: =IF($C28="","",VLOOKUP($C28,성분!$B$2:$O$1509,4,FALSE))/100*$P28 -> 0.888 | H28: =IF($C28="","",VLOOKUP($C28,성분!$B$2:$O$1509,6,FALSE))/100*$P28 -> 0.024 | I28: =IF($C28="","",VLOOKUP($C28,성분!$B$2:$O$1509,7,FALSE))/100*$P28 -> 21.6 | J28: =IF($C28="","",VLOOKUP($C28,성분!$B$2:$O$1509,8,FALSE))/100*$P28 -> 0.348 | K28: =IF($C28="","",VLOOKUP($C28,성분!$B$2:$O$1509,9,FALSE))/100*$P28 -> 0.96 | L28: =IF($C28="","",VLOOKUP($C28,성분!$B$2:$O$1509,10,FALSE))/100*$P28 -> 0.0084 | M28: =IF($C28="","",VLOOKUP($C28,성분!$B$2:$O$10517,11,FALSE))/100*$P28 -> 0.0504 | N28: =IF($C28="","",VLOOKUP($C28,성분!$B$2:$O$10517,12,FALSE))/100*$P28 -> 0.036 | O28: =IF($C28="","",VLOOKUP($C28,성분!$B$2:$O$10517,13,FALSE))/100*$P28 -> 0 | P28: =D28 -> 12 | Q28: =($O$8*P28)/1000 -> 1.272 | R28: =INT(Q28) -> 1
A29: 1인 기준량 | E29: =SUM(E11:E28) -> 875.79 | F29: =SUM(F11:F28) -> 156.9719 | G29: =SUM(G11:G28) -> 33.5693 | H29: =SUM(H11:H28) -> 19.326 | I29: =SUM(I11:I28) -> 108.01 | J29: =SUM(J11:J28) -> 2.7934 | K29: =SUM(K11:K28) -> 133.07 | L29: =SUM(L11:L28) -> 1.217 | ... O29: =SUM(O11:O28) -> 23.506 | P29: =D29 -> 0 | Q29: =($O$8*P29)/1000 -> 0 | R29: =INT(Q29) -> 0
A30: 급식모니터링, 대면검수 1. 맛 양호 2. 이물,이취 등 없음 3.조리상태 양호. | R30: =INT(Q30) -> 0
A31: ※식품원산지표기 | S31: =INT(R31) -> 0
A32: 쌀: 국내산 | P32: 1인 급식비 | R32: 5000
A33: 포기김치:배추(국내산) / 돼지고기(국내산) / 닭고기(국내산) / 식육가공품(국내산/외국산) | P33: 1인 식품비 | R33: =R32*0.72 -> 3600
P34: 비율 | R34: 0.72
G35: 667 | H35: 15 | I35: 300 | J35: 5.4 | K35: 234 | L35: 0.34 | M35: 0.4 | N35: 5.26 | O35: 33.4
D1345: 240

Sheet 2수
M1: 업체담당 | N1: 학교담당 | O1: 행정실장
M2: 정소예
A3: 일 자 : | C3: 45749 | E3: 석식
A6: 급식학생수 | O6: 총계
A7: 구분 | D7: 1학년 | F7: 2학년 | H7: 3학년 | K7: 합계 | M7: 교직원
A8: 심인고등학교 | D8: 0 | F8: 0 | H8: 107 | K8: =SUM(D8:J8) -> 107 | M8: 2 | O8: =K8+M8 -> 109
A9: 식 단 | D9: 잡곡밥,돈육김치찌개,마라찜닭,소시지구이&머스타드,치커리유자무침,깍두기&진한망고
A10: 번호 | B10: 메뉴명 | C10: 식품명 | D10: 1인량 (g) | E10: 열량 (kcal) | F10: 탄수화물 (g) | G10: 단백질 (g) | H10: 지방 (g) | I10: 칼슘 (mg) | J10: 철 (mg) | K10: VIT-A (RE) | L10: VIT-B1 (mg) | M10: VIT-B2 (mg) | N10: NIACIN (mg) | O10: VIT-C | P10: 기준량 | Q10: 총량
A11: =ROW()-10 -> 1 | B11: 잡곡밥 | C11: 잡곡 | D11: 4 | E11: =IF($C11="","",VLOOKUP($C11,성분!$B$2:$O$51519,3,FALSE))/100*P11 -> 13.96 | F11: =IF($C11="","",VLOOKUP($C11,성분!$B$2:$O$51519,5,FALSE))/100*$P11 -> 3 | G11: =IF($C11="","",VLOOKUP($C11,성분!$B$2:$O$51519,4,FALSE))/100*$P11 -> 0.392 | H11: =IF($C11="","",VLOOKUP($C11,성분!$B$2:$O$51519,6,FALSE))/100*$P11 -> 0.06 | I11: =IF($C11="","",VLOOKUP($C11,성분!$B$2:$O$51519,7,FALSE))/100*$P11 -> 0 | J11: =IF($C11="","",VLOOKUP($C11,성분!$B$2:$O$51519,8,FALSE))/100*$P11 -> 0 | K11: =IF($C11="","",VLOOKUP($C11,성분!$B$2:$O$51519,9,FALSE))/100*$P11 -> 0 | L11: =IF($C11="","",VLOOKUP($C11,성분!$B$2:$O$51519,10,FALSE))/100*$P11 -> 0.0088 | M11: =IF($C11="","",VLOOKUP($C11,성분!$B$2:$O$51519,11,FALSE))/100*$P11 -> 0.0036 | N11: =IF($C11="","",VLOOKUP($C11,성분!$B$2:$O$51519,12,FALSE))/100*$P11 -> 0 | O11: =IF($C11="","",VLOOKUP($C11,성분!$B$2:$O$51519,13,FALSE))/100*$P11 -> 0 | P11: =D11 -> 4 | Q11: =($O$8*P11)/1000 -> 0.436 | R11: =INT(Q11) -> 0
A12: =ROW()-10 -> 2 | C12: 쌀 | D12: 100 | E12: =IF($C12="","",VLOOKUP($C12,성분!$B$2:$O$51519,3,FALSE))/100*P12 -> 240 | F12: =IF($C12="","",VLOOKUP($C12,성분!$B$2:$O$51519,5,FALSE))/100*$P12 -> 78.5 | G12: =IF($C12="","",VLOOKUP($C12,성분!$B$2:$O$51519,4,FALSE))/100*$P12 -> 6.4 | H12: =IF($C12="","",VLOOKUP($C12,성분!$B$2:$O$51519,6,FALSE))/100*$P12 -> 0.4 | I12: =IF($C12="","",VLOOKUP($C12,성분!$B$2:$O$51519,7,FALSE))/100*$P12 -> 7 | J12: =IF($C12="","",VLOOKUP($C12,성분!$B$2:$O$51519,8,FALSE))/100*$P12 -> 0.5 | K12: =IF($C12="","",VLOOKUP($C12,성분!$B$2:$O$51519,9,FALSE))/100*$P12 -> 0 | L12: =IF($C12="","",VLOOKUP($C12,성분!$B$2:$O$51519,10,FALSE))/100*$P12 -> 0.12 | M12: =IF($C12="","",VLOOKUP($C12,성분!$B$2:$O$51519,11,FALSE))/100*$P12 -> 0 | N12: =IF($C12="","",VLOOKUP($C12,성분!$B$2:$O$51519,12,FALSE))/100*$P12 -> 1.4 | O12: =IF($C12="","",VLOOKUP($C12,성분!$B$2:$O$51519,13,FALSE))/100*$P12 -> 0 | P12: =D12 -> 100 | Q12: =($O$8*P12)/1000 -> 10.9 | R12: =INT(Q12) -> 10
A13: =ROW()-10 -> 3 | B13: 돈육김치찌개 | C13: 돈찌개 | D13: 20 | E13: =IF($C13="","",VLOOKUP($C13,성분!$B$2:$O$51519,3,FALSE))/100*P13 -> 24.6 | F13: =IF($C13="","",VLOOKUP($C13,성분!$B$2:$O$51519,5,FALSE))/100*$P13 -> 2.1 | G13: =IF($C13="","",VLOOKUP($C13,성분!$B$2:$O$51519,4,FALSE))/100*$P13 -> 1.44 | H13: =IF($C13="","",VLOOKUP($C13,성분!$B$2:$O$51519,6,FALSE))/100*$P13 -> 2.252 | I13: =IF($C13="","",VLOOKUP($C13,성분!$B$2:$O$51519,7,FALSE))/100*$P13 -> 0.2 | J13: =IF($C13="","",VLOOKUP($C13,성분!$B$2:$O$51519,8,FALSE))/100*$P13 -> 0.2 | K13: =IF($C13="","",VLOOKUP($C13,성분!$B$2:$O$51519,9,FALSE))/100*$P13 -> 3.2 | L13: =IF($C13="","",VLOOKUP($C13,성분!$B$2:$O$51519,10,FALSE))/100*$P13 -> 0.02 | M13: =IF($C13="","",VLOOKUP($C13,성분!$B$2:$O$51519,11,FALSE))/100*$P13 -> 0.016 | N13: =IF($C13="","",VLOOKUP($C13,성분!$B$2:$O$51519,12,FALSE))/100*$P13 -> 0.174 | O13: =IF($C13="","",VLOOKUP($C13,성분!$B$2:$O$51519,13,FALSE))/100*$P13 -> 0 | P13: =D13 -> 20 | Q13: =($O$8*P13)/1000 -> 2.18 | R13: =INT(Q13) -> 2
A14: =ROW()-10 -> 4 | C14: 맛김치 | D14: 25 | E14: =IF($C14="","",VLOOKUP($C14,성분!$B$2:$O$51519,3,FALSE))/100*P14 -> 12.5 | F14: =IF($C14="","",VLOOKUP($C14,성분!$B$2:$O$51519,5,FALSE))/100*$P14 -> 1.1 | G14: =IF($C14="","",VLOOKUP($C14,성분!$B$2:$O$51519,4,FALSE))/100*$P14 -> 0.5 | H14: =IF($C14="","",VLOOKUP($C14,성분!$B$2:$O$51519,6,FALSE))/100*$P14 -> 0.05 | I14: =IF($C14="","",VLOOKUP($C14,성분!$B$2:$O$51519,7,FALSE))/100*$P14 -> 11.75 | J14: =IF($C14="","",VLOOKUP($C14,성분!$B$2:$O$51519,8,FALSE))/100*$P14 -> 0.2 | K14: =IF($C14="","",VLOOKUP($C14,성분!$B$2:$O$51519,9,FALSE))/100*$P14 -> 12 | L14: =IF($C14="","",VLOOKUP($C14,성분!$B$2:$O$51519,10,FALSE))/100*$P14 -> 0.015 | M14: =IF($C14="","",VLOOKUP($C14,성분!$B$2:$O$51519,11,FALSE))/100*$P14 -> 0.015 | N14: =IF($C14="","",VLOOKUP($C14,성분!$B$2:$O$51519,12,FALSE))/100*$P14 -> 0.2 | O14: =IF($C14="","",VLOOKUP($C14,성분!$B$2:$O$51519,13,FALSE))/100*$P14 -> 3.5 | P14: =D14 -> 25 | Q14: =($O$8*P14)/1000 -> 2.725 | R14: =INT(Q14) -> 2
A15: =ROW()-10 -> 5 | C15: 두부 | D15: 20 | E15: =IF($C15="","",VLOOKUP($C15,성분!$B$2:$O$51519,3,FALSE))/100*P15 -> 15.8 | F15: =IF($C15="","",VLOOKUP($C15,성분!$B$2:$O$51519,5,FALSE))/100*$P15 -> 0.74 | G15: =IF($C15="","",VLOOKUP($C15,성분!$B$2:$O$51519,4,FALSE))/100*$P15 -> 1.68 | H15: =IF($C15="","",VLOOKUP($C15,성분!$B$2:$O$51519,6,FALSE))/100*$P15 -> 0.7 | I15: =IF($C15="","",VLOOKUP($C15,성분!$B$2:$O$51519,7,FALSE))/100*$P15 -> 31.8 | J15: =IF($C15="","",VLOOKUP($C15,성분!$B$2:$O$51519,8,FALSE))/100*$P15 -> 0.52 | K15: =IF($C15="","",VLOOKUP($C15,성분!$B$2:$O$51519,9,FALSE))/100*$P15 -> 0 | L15: =IF($C15="","",VLOOKUP($C15,성분!$B$2:$O$51519,10,FALSE))/100*$P15 -> 0.01 | M15: =IF($C15="","",VLOOKUP($C15,성분!$B$2:$O$51519,11,FALSE))/100*$P15 -> 0.008 | N15: =IF($C15="","",VLOOKUP($C15,성분!$B$2:$O$51519,12,FALSE))/100*$P15 -> 0.14 | O15: =IF($C15="","",VLOOKUP($C15,성분!$B$2:$O$51519,13,FALSE))/100*$P15 -> 0 | P15: =D15 -> 20 | Q15: =($O$8*P15)/1000 -> 2.18 | R15: =INT(Q15) -> 2
A16: =ROW()-10 -> 6 | C16: 무우 | D16: 30 | E16: =IF($C16="","",VLOOKUP($C16,성분!$B$2:$O$51519,3,FALSE))/100*P16 -> 5.4 | F16: =IF($C16="","",VLOOKUP($C16,성분!$B$2:$O$51519,5,FALSE))/100*$P16 -> 1.254 | G16: =IF($C16="","",VLOOKUP($C16,성분!$B$2:$O$51519,4,FALSE))/100*$P16 -> 0.24 | H16: =IF($C16="","",VLOOKUP($C16,성분!$B$2:$O$51519,6,FALSE))/100*$P16 -> 0.06 | I16: =IF($C16="","",VLOOKUP($C16,성분!$B$2:$O$51519,7,FALSE))/100*$P16 -> 7.5 | J16: =IF($C16="","",VLOOKUP($C16,성분!$B$2:$O$51519,8,FALSE))/100*$P16 -> 0.234 | K16: =IF($C16="","",VLOOKUP($C16,성분!$B$2:$O$51519,9,FALSE))/100*$P16 -> 4.5 | L16: =IF($C16="","",VLOOKUP($C16,성분!$B$2:$O$51519,10,FALSE))/100*$P16 -> 0.009 | M16: =IF($C16="","",VLOOKUP($C16,성분!$B$2:$O$51519,11,FALSE))/100*$P16 -> 0.018 | N16: =IF($C16="","",VLOOKUP($C16,성분!$B$2:$O$51519,12,FALSE))/100*$P16 -> 0.063 | O16: =IF($C16="","",VLOOKUP($C16,성분!$B$2:$O$51519,13,FALSE))/100*$P16 -> 0.96 | P16: =D16 -> 30 | Q16: =($O$8*P16)/1000 -> 3.27 | R16: =INT(Q16) -> 3
A17: =ROW()-10 -> 7 | C17: 양파 | D17: 15 | E17: =IF($C17="","",VLOOKUP($C17,성분!$B$2:$O$51519,3,FALSE))/100*P17 -> 5.25 | F17: =IF($C17="","",VLOOKUP($C17,성분!$B$2:$O$51519,5,FALSE))/100*$P17 -> 1.149 | G17: =IF($C17="","",VLOOKUP($C17,성분!$B$2:$O$51519,4,FALSE))/100*$P17 -> 0.15 | H17: =IF($C17="","",VLOOKUP($C17,성분!$B$2:$O$51519,6,FALSE))/100*$P17 -> 0.0285 | I17: =IF($C17="","",VLOOKUP($C17,성분!$B$2:$O$51519,7,FALSE))/100*$P17 -> 2.25 | J17: =IF($C17="","",VLOOKUP($C17,성분!$B$2:$O$51519,8,FALSE))/100*$P17 -> 0.045 | K17: =IF($C17="","",VLOOKUP($C17,성분!$B$2:$O$51519,9,FALSE))/100*$P17 -> 0 | L17: =IF($C17="","",VLOOKUP($C17,성분!$B$2:$O$51519,10,FALSE))/100*$P17 -> 0.006 | M17: =IF($C17="","",VLOOKUP($C17,성분!$B$2:$O$51519,11,FALSE))/100*$P17 -> 0.0015 | N17: =IF($C17="","",VLOOKUP($C17,성분!$B$2:$O$51519,12,FALSE))/100*$P17 -> 0.03 | O17: =IF($C17="","",VLOOKUP($C17,성분!$B$2:$O$51519,13,FALSE))/100*$P17 -> 1.2 | P17: =D17 -> 15 | Q17: =($O$8*P17)/1000 -> 1.635 | R17: =INT(Q17) -> 1
A18: =ROW()-10 -> 8 | C18: 대파 | D18: 5 | E18: =IF($C18="","",VLOOKUP($C18,성분!$B$2:$O$51519,3,FALSE))/100*P18 -> 1.3 | F18: =IF($C18="","",VLOOKUP($C18,성분!$B$2:$O$51519,5,FALSE))/100*$P18 -> 0.223 | G18: =IF($C18="","",VLOOKUP($C18,성분!$B$2:$O$51519,4,FALSE))/100*$P18 -> 0 | H18: =IF($C18="","",VLOOKUP($C18,성분!$B$2:$O$51519,6,FALSE))/100*$P18 -> 0.013 | I18: =IF($C18="","",VLOOKUP($C18,성분!$B$2:$O$51519,7,FALSE))/100*$P18 -> 4.05 | J18: =IF($C18="","",VLOOKUP($C18,성분!$B$2:$O$51519,8,FALSE))/100*$P18 -> 0.05 | K18: =IF($C18="","",VLOOKUP($C18,성분!$B$2:$O$51519,9,FALSE))/100*$P18 -> 6.45 | L18: =IF($C18="","",VLOOKUP($C18,성분!$B$2:$O$51519,10,FALSE))/100*$P18 -> 0.003 | M18: =IF($C18="","",VLOOKUP($C18,성분!$B$2:$O$51519,11,FALSE))/100*$P18 -> 0.0045 | N18: =IF($C18="","",VLOOKUP($C18,성분!$B$2:$O$51519,12,FALSE))/100*$P18 -> 0.03 | O18: =IF($C18="","",VLOOKUP($C18,성분!$B$2:$O$51519,13,FALSE))/100*$P18 -> 1.05 | P18: =D18 -> 5 | Q18: =($O$8*P18)/1000 -> 0.545 | R18: =INT(Q18) -> 0
A19: =ROW()-10 -> 9 | C19: 건다시마 | D19: 3 | E19: =IF($C19="","",VLOOKUP($C19,성분!$B$2:$O$51519,3,FALSE))/100*P19 -> 5.67 | F19: =IF($C19="","",VLOOKUP($C19,성분!$B$2:$O$51519,5,FALSE))/100*$P19 -> 1.356 | G19: =IF($C19="","",VLOOKUP($C19,성분!$B$2:$O$51519,4,FALSE))/100*$P19 -> 0.222 | H19: =IF($C19="","",VLOOKUP($C19,성분!$B$2:$O$51519,6,FALSE))/100*$P19 -> 0.033 | I19: =IF($C19="","",VLOOKUP($C19,성분!$B$2:$O$51519,7,FALSE))/100*$P19 -> 21.24 | J19: =IF($C19="","",VLOOKUP($C19,성분!$B$2:$O$51519,8,FALSE))/100*$P19 -> 0.189 | K19: =IF($C19="","",VLOOKUP($C19,성분!$B$2:$O$51519,9,FALSE))/100*$P19 -> 2.88 | L19: =IF($C19="","",VLOOKUP($C19,성분!$B$2:$O$51519,10,FALSE))/100*$P19 -> 0.0066 | M19: =IF($C19="","",VLOOKUP($C19,성분!$B$2:$O$51519,11,FALSE))/100*$P19 -> 0.0135 | N19: =IF($C19="","",VLOOKUP($C19,성분!$B$2:$O$51519,12,FALSE))/100*$P19 -> 0.135 | O19: =IF($C19="","",VLOOKUP($C19,성분!$B$2:$O$51519,13,FALSE))/100*$P19 -> 0.54 | P19: =D19 -> 3 | Q19: =($O$8*P19)/1000 -> 0.327 | R19: =INT(Q19) -> 0
A20: =ROW()-10 -> 10 | C20: 다시멸치 | D20: 3 | E20: =IF($C20="","",VLOOKUP($C20,성분!$B$2:$O$51519,3,FALSE))/100*P20 -> 9.09 | F20: =IF($C20="","",VLOOKUP($C20,성분!$B$2:$O$51519,5,FALSE))/100*$P20 -> 0.009 | G20: =IF($C20="","",VLOOKUP($C20,성분!$B$2:$O$51519,4,FALSE))/100*$P20 -> 0.99 | H20: =IF($C20="","",VLOOKUP($C20,성분!$B$2:$O$51519,6,FALSE))/100*$P20 -> 0.219 | I20: =IF($C20="","",VLOOKUP($C20,성분!$B$2:$O$51519,7,FALSE))/100*$P20 -> 51 | J20: =IF($C20="","",VLOOKUP($C20,성분!$B$2:$O$51519,8,FALSE))/100*$P20 -> 0.12 | K20: =IF($C20="","",VLOOKUP($C20,성분!$B$2:$O$51519,9,FALSE))/100*$P20 -> 0 | L20: =IF($C20="","",VLOOKUP($C20,성분!$B$2:$O$51519,10,FALSE))/100*$P20 -> 0.0042 | M20: =IF($C20="","",VLOOKUP($C20,성분!$B$2:$O$51519,11,FALSE))/100*$P20 -> 0.0036 | N20: =IF($C20="","",VLOOKUP($C20,성분!$B$2:$O$51519,12,FALSE))/100*$P20 -> 0.06 | O20: =IF($C20="","",VLOOKUP($C20,성분!$B$2:$O$51519,13,FALSE))/100*$P20 -> 0 | P20: =D20 -> 3 | Q20: =($O$8*P20)/1000 -> 0.327 | R20: =INT(Q20) -> 0
A21: =ROW()-10 -> 11 | B21: 마라찜닭 | C21: 닭정육 | D21: 70 | E21: =IF($C21="","",VLOOKUP($C21,성분!$B$2:$O$51519,3,FALSE))/100*P21 -> 71.4 | F21: =IF($C21="","",VLOOKUP($C21,성분!$B$2:$O$51519,5,FALSE))/100*$P21 -> 0 | G21: =IF($C21="","",VLOOKUP($C21,성분!$B$2:$O$51519,4,FALSE))/100*$P21 -> 8.022 | H21: =IF($C21="","",VLOOKUP($C21,성분!$B$2:$O$51519,6,FALSE))/100*$P21 -> 8.953 | I21: =IF($C21="","",VLOOKUP($C21,성분!$B$2:$O$51519,7,FALSE))/100*$P21 -> 4.389 | J21: =IF($C21="","",VLOOKUP($C21,성분!$B$2:$O$51519,8,FALSE))/100*$P21 -> 0.399 | K21: =IF($C21="","",VLOOKUP($C21,성분!$B$2:$O$51519,9,FALSE))/100*$P21 -> 5.985 | L21: =IF($C21="","",VLOOKUP($C21,성분!$B$2:$O$51519,10,FALSE))/100*$P21 -> 0.035 | M21: =IF($C21="","",VLOOKUP($C21,성분!$B$2:$O$51519,11,FALSE))/100*$P21 -> 0.077 | N21: =IF($C21="","",VLOOKUP($C21,성분!$B$2:$O$51519,12,FALSE))/100*$P21 -> 0 | O21: =IF($C21="","",VLOOKUP($C21,성분!$B$2:$O$51519,13,FALSE))/100*$P21 -> 0.497 | P21: =D21 -> 70 | Q21: =($O$8*P21)/1000 -> 7.63 | R21: =INT(Q21) -> 7
A22: =ROW()-10 -> 12 | C22: 닭안심 | D22: 50 | E22: =IF($C22="","",VLOOKUP($C22,성분!$B$2:$O$51519,3,FALSE))/100*P22 -> 57.5 | F22: =IF($C22="","",VLOOKUP($C22,성분!$B$2:$O$51519,5,FALSE))/100*$P22 -> 0.05 | G22: =IF($C22="","",VLOOKUP($C22,성분!$B$2:$O$51519,4,FALSE))/100*$P22 -> 12 | H22: =IF($C22="","",VLOOKUP($C22,성분!$B$2:$O$51519,6,FALSE))/100*$P22 -> 0.7 | I22: =IF($C22="","",VLOOKUP($C22,성분!$B$2:$O$51519,7,FALSE))/100*$P22 -> 5.5 | J22: =IF($C22="","",VLOOKUP($C22,성분!$B$2:$O$51519,8,FALSE))/100*$P22 -> 0.55 | K22: =IF($C22="","",VLOOKUP($C22,성분!$B$2:$O$51519,9,FALSE))/100*$P22 -> 0 | L22: =IF($C22="","",VLOOKUP($C22,성분!$B$2:$O$51519,10,FALSE))/100*$P22 -> 0.1 | M22: =IF($C22="","",VLOOKUP($C22,성분!$B$2:$O$51519,11,FALSE))/100*$P22 -> 0.105 | N22: =IF($C22="","",VLOOKUP($C22,성분!$B$2:$O$51519,12,FALSE))/100*$P22 -> 1.45 | O22: =IF($C22="","",VLOOKUP($C22,성분!$B$2:$O$51519,13,FALSE))/100*$P22 -> 0 | P22: =D22 -> 50 | Q22: =($O$8*P22)/1000 -> 5.45 | R22: =INT(Q22) -> 5
A23: =ROW()-10 -> 13 | C23: 고구마 | D23: 15 | E23: =IF($C23="","",VLOOKUP($C23,성분!$B$2:$O$51519,3,FALSE))/100*P23 -> 19.2 | F23: =IF($C23="","",VLOOKUP($C23,성분!$B$2:$O$51519,5,FALSE))/100*$P23 -> 4.65 | G23: =IF($C23="","",VLOOKUP($C23,성분!$B$2:$O$51519,4,FALSE))/100*$P23 -> 0.21 | H23: =IF($C23="","",VLOOKUP($C23,성분!$B$2:$O$51519,6,FALSE))/100*$P23 -> 0.0285 | I23: =IF($C23="","",VLOOKUP($C23,성분!$B$2:$O$51519,7,FALSE))/100*$P23 -> 3.6 | J23: =IF($C23="","",VLOOKUP($C23,성분!$B$2:$O$51519,8,FALSE))/100*$P23 -> 0.075 | K23: =IF($C23="","",VLOOKUP($C23,성분!$B$2:$O$51519,9,FALSE))/100*$P23 -> 2.85 | L23: =IF($C23="","",VLOOKUP($C23,성분!$B$2:$O$51519,10,FALSE))/100*$P23 -> 0.009 | M23: =IF($C23="","",VLOOKUP($C23,성분!$B$2:$O$51519,11,FALSE))/100*$P23 -> 0.0075 | N23: =IF($C23="","",VLOOKUP($C23,성분!$B$2:$O$51519,12,FALSE))/100*$P23 -> 0.105 | O23: =IF($C23="","",VLOOKUP($C23,성분!$B$2:$O$51519,13,FALSE))/100*$P23 -> 3.75 | P23: =D23 -> 15 | Q23: =($O$8*P23)/1000 -> 1.635 | R23: =INT(Q23) -> 1
A24: =ROW()-10 -> 14 | C24: 분모자 | D24: 10 | E24: =IF($C24="","",VLOOKUP($C24,성분!$B$2:$O$51519,3,FALSE))/100*P24 -> 19.04 | F24: =IF($C24="","",VLOOKUP($C24,성분!$B$2:$O$51519,5,FALSE))/100*$P24 -> 8.5 | G24: =IF($C24="","",VLOOKUP($C24,성분!$B$2:$O$51519,4,FALSE))/100*$P24 -> 0.01 | H24: =IF($C24="","",VLOOKUP($C24,성분!$B$2:$O$51519,6,FALSE))/100*$P24 -> 0.02 | I24: =IF($C24="","",VLOOKUP($C24,성분!$B$2:$O$51519,7,FALSE))/100*$P24 -> 4.7 | J24: =IF($C24="","",VLOOKUP($C24,성분!$B$2:$O$51519,8,FALSE))/100*$P24 -> 0.3 | K24: =IF($C24="","",VLOOKUP($C24,성분!$B$2:$O$51519,9,FALSE))/100*$P24 -> 0 | L24: =IF($C24="","",VLOOKUP($C24,성분!$B$2:$O$51519,10,FALSE))/100*$P24 -> 0.001 | M24: =IF($C24="","",VLOOKUP($C24,성분!$B$2:$O$51519,11,FALSE))/100*$P24 -> 0 | N24: =IF($C24="","",VLOOKUP($C24,성분!$B$2:$O$51519,12,FALSE))/100*$P24 -> 0 | O24: =IF($C24="","",VLOOKUP($C24,성분!$B$2:$O$51519,13,FALSE))/100*$P24 -> 0 | P24: =D24 -> 10 | Q24: =($O$8*P24)/1000 -> 1.09 | R24: =INT(Q24) -> 1
A25: =ROW()-10 -> 15 | C25: 납작당면 | D25: 8 | E25: =IF($C25="","",VLOOKUP($C25,성분!$B$2:$O$51519,3,FALSE))/100*P25 -> 27.92 | F25: =IF($C25="","",VLOOKUP($C25,성분!$B$2:$O$51519,5,FALSE))/100*$P25 -> 6.8 | G25: =IF($C25="","",VLOOKUP($C25,성분!$B$2:$O$51519,4,FALSE))/100*$P25 -> 0.008 | H25: =IF($C25="","",VLOOKUP($C25,성분!$B$2:$O$51519,6,FALSE))/100*$P25 -> 0.016 | I25: =IF($C25="","",VLOOKUP($C25,성분!$B$2:$O$51519,7,FALSE))/100*$P25 -> 3.76 | J25: =IF($C25="","",VLOOKUP($C25,성분!$B$2:$O$51519,8,FALSE))/100*$P25 -> 0.24 | K25: =IF($C25="","",VLOOKUP($C25,성분!$B$2:$O$51519,9,FALSE))/100*$P25 -> 0 | L25: =IF($C25="","",VLOOKUP($C25,성분!$B$2:$O$51519,10,FALSE))/100*$P25 -> 0.0008 | M25: =IF($C25="","",VLOOKUP($C25,성분!$B$2:$O$51519,11,FALSE))/100*$P25 -> 0 | N25: =IF($C25="","",VLOOKUP($C25,성분!$B$2:$O$51519,12,FALSE))/100*$P25 -> 0 | O25: =IF($C25="","",VLOOKUP($C25,성분!$B$2:$O$51519,13,FALSE))/100*$P25 -> 0 | P25: =D25 -> 8 | Q25: =($O$8*P25)/1000 -> 0.872 | R25: =INT(Q25) -> 0
A26: =ROW()-10 -> 16 | C26: 양파 | D26: 15 | E26: =IF($C26="","",VLOOKUP($C26,성분!$B$2:$O$51519,3,FALSE))/100*P26 -> 5.25 | F26: =IF($C26="","",VLOOKUP($C26,성분!$B$2:$O$51519,5,FALSE))/100*$P26 -> 1.149 | G26: =IF($C26="","",VLOOKUP($C26,성분!$B$2:$O$51519,4,FALSE))/100*$P26 -> 0.15 | H26: =IF($C26="","",VLOOKUP($C26,성분!$B$2:$O$51519,6,FALSE))/100*$P26 -> 0.0285 | I26: =IF($C26="","",VLOOKUP($C26,성분!$B$2:$O$51519,7,FALSE))/100*$P26 -> 2.25 | J26: =IF($C26="","",VLOOKUP($C26,성분!$B$2:$O$51519,8,FALSE))/100*$P26 -> 0.045 | K26: =IF($C26="","",VLOOKUP($C26,성분!$B$2:$O$51519,9,FALSE))/100*$P26 -> 0 | L26: =IF($C26="","",VLOOKUP($C26,성분!$B$2:$O$51519,10,FALSE))/100*$P26 -> 0.006 | M26: =IF($C26="","",VLOOKUP($C26,성분!$B$2:$O$51519,11,FALSE))/100*$P26 -> 0.0015 | N26: =IF($C26="","",VLOOKUP($C26,성분!$B$2:$O$51519,12,FALSE))/100*$P26 -> 0.03 | O26: =IF($C26="","",VLOOKUP($C26,성분!$B$2:$O$51519,13,FALSE))/100*$P26 -> 1.2 | P26: =D26 -> 15 | Q26: =($O$8*P26)/1000 -> 1.635 | R26: =INT(Q26) -> 1
A27: =ROW()-10 -> 17 | C27: 당근 | D27: 10 | E27: =IF($C27="","",VLOOKUP($C27,성분!$B$2:$O$51519,3,FALSE))/100*P27 -> 3.4 | F27: =IF($C27="","",VLOOKUP($C27,성분!$B$2:$O$51519,5,FALSE))/100*$P27 -> 0.703 | G27: =IF($C27="","",VLOOKUP($C27,성분!$B$2:$O$51519,4,FALSE))/100*$P27 -> 0.1 | H27: =IF($C27="","",VLOOKUP($C27,성분!$B$2:$O$51519,6,FALSE))/100*$P27 -> 0.013 | I27: =IF($C27="","",VLOOKUP($C27,성분!$B$2:$O$51519,7,FALSE))/100*$P27 -> 3.8 | J27: =IF($C27="","",VLOOKUP($C27,성분!$B$2:$O$51519,8,FALSE))/100*$P27 -> 0.07 | K27: =IF($C27="","",VLOOKUP($C27,성분!$B$2:$O$51519,9,FALSE))/100*$P27 -> 125.7 | L27: =IF($C27="","",VLOOKUP($C27,성분!$B$2:$O$51519,10,FALSE))/100*$P27 -> 0.006 | M27: =IF($C27="","",VLOOKUP($C27,성분!$B$2:$O$51519,11,FALSE))/100*$P27 -> 0.004 | N27: =IF($C27="","",VLOOKUP($C27,성분!$B$2:$O$51519,12,FALSE))/100*$P27 -> 0.08 | O27: =IF($C27="","",VLOOKUP($C27,성분!$B$2:$O$51519,13,FALSE))/100*$P27 -> 0.6 | P27: =D27 -> 10 | Q27: =($O$8*P27)/1000 -> 1.09 | R27: =INT(Q27) -> 1
A28: =ROW()-10 -> 18 | C28: 마라상궈소스 | D28: 20 | E28: =IF($C28="","",VLOOKUP($C28,성분!$B$2:$O$51519,3,FALSE))/100*P28 -> 32.858 | F28: =IF($C28="","",VLOOKUP($C28,성분!$B$2:$O$51519,5,FALSE))/100*$P28 -> 3.428 | G28: =IF($C28="","",VLOOKUP($C28,성분!$B$2:$O$51519,4,FALSE))/100*$P28 -> 0.858 | H28: =IF($C28="","",VLOOKUP($C28,성분!$B$2:$O$51519,6,FALSE))/100*$P28 -> 1.714 | I28: =IF($C28="","",VLOOKUP($C28,성분!$B$2:$O$51519,7,FALSE))/100*$P28 -> 0 | J28: =IF($C28="","",VLOOKUP($C28,성분!$B$2:$O$51519,8,FALSE))/100*$P28 -> 0 | K28: =IF($C28="","",VLOOKUP($C28,성분!$B$2:$O$51519,9,FALSE))/100*$P28 -> 0 | L28: =IF($C28="","",VLOOKUP($C28,성분!$B$2:$O$51519,10,FALSE))/100*$P28 -> 0 | M28: =IF($C28="","",VLOOKUP($C28,성분!$B$2:$O$51519,11,FALSE))/100*$P28 -> 0 | N28: =IF($C28="","",VLOOKUP($C28,성분!$B$2:$O$51519,12,FALSE))/100*$P28 -> 0 | O28: =IF($C28="","",VLOOKUP($C28,성분!$B$2:$O$51519,13,FALSE))/100*$P28 -> 0 | P28: =D28 -> 20 | Q28: =($O$8*P28)/1000 -> 2.18 | R28: =INT(Q28) -> 2
A29: =ROW()-10 -> 19 | B29: 소시지구이&머스타드 | C29: 휠터치소시지 | D29: 70 | E29: =IF($C29="","",VLOOKUP($C29,성분!$B$2:$O$51519,3,FALSE))/100*P29 -> 164.5 | F29: =IF($C29="","",VLOOKUP($C29,성분!$B$2:$O$51519,5,FALSE))/100*$P29 -> 11.9 | G29: =IF($C29="","",VLOOKUP($C29,성분!$B$2:$O$51519,4,FALSE))/100*$P29 -> 7 | H29: =IF($C29="","",VLOOKUP($C29,성분!$B$2:$O$51519,6,FALSE))/100*$P29 -> 10.01 | I29: =IF($C29="","",VLOOKUP($C29,성분!$B$2:$O$51519,7,FALSE))/100*$P29 -> 4.2 | J29: =IF($C29="","",VLOOKUP($C29,성분!$B$2:$O$51519,8,FALSE))/100*$P29 -> 1.05 | K29: =IF($C29="","",VLOOKUP($C29,성분!$B$2:$O$51519,9,FALSE))/100*$P29 -> 0 | L29: =IF($C29="","",VLOOKUP($C29,성분!$B$2:$O$51519,10,FALSE))/100*$P29 -> 0.056 | M29: =IF($C29="","",VLOOKUP($C29,성분!$B$2:$O$51519,11,FALSE))/100*$P29 -> 0.105 | N29: =IF($C29="","",VLOOKUP($C29,성분!$B$2:$O$51519,12,FALSE))/100*$P29 -> 0.035 | O29: =IF($C29="","",VLOOKUP($C29,성분!$B$2:$O$51519,13,FALSE))/100*$P29 -> 3.5 | P29: =D29 -> 70 | Q29: =($O$8*P29)/1000 -> 7.63 | R29: =INT(Q29) -> 7
A30: =ROW()-10 -> 20 | C30: 머스타드 | D30: 12 | E30: =IF($C30="","",VLOOKUP($C30,성분!$B$2:$O$51519,3,FALSE))/100*P30 -> 43.8 | F30: =IF($C30="","",VLOOKUP($C30,성분!$B$2:$O$51519,5,FALSE))/100*$P30 -> 0 | G30: =IF($C30="","",VLOOKUP($C30,성분!$B$2:$O$51519,4,FALSE))/100*$P30 -> 0.756 | H30: =IF($C30="","",VLOOKUP($C30,성분!$B$2:$O$51519,6,FALSE))/100*$P30 -> 2.316 | I30: =IF($C30="","",VLOOKUP($C30,성분!$B$2:$O$51519,7,FALSE))/100*$P30 -> 7.2 | J30: =IF($C30="","",VLOOKUP($C30,성분!$B$2:$O$51519,8,FALSE))/100*$P30 -> 0.252 | K30: =IF($C30="","",VLOOKUP($C30,성분!$B$2:$O$51519,9,FALSE))/100*$P30 -> 0 | L30: =IF($C30="","",VLOOKUP($C30,성분!$B$2:$O$51519,10,FALSE))/100*$P30 -> 0 | M30: =IF($C30="","",VLOOKUP($C30,성분!$B$2:$O$51519,11,FALSE))/100*$P30 -> 0.0264 | N30: =IF($C30="","",VLOOKUP($C30,성분!$B$2:$O$51519,12,FALSE))/100*$P30 -> 0 | O30: =IF($C30="","",VLOOKUP($C30,성분!$B$2:$O$51519,13,FALSE))/100*$P30 -> 0.12 | P30: =D30 -> 12 | Q30: =($O$8*P30)/1000 -> 1.308 | R30: =INT(Q30) -> 1
A31: =ROW()-10 -> 21 | B31: 치커리유자무침 | C31: 치커리 | D31: 15 | E31: =IF($C31="","",VLOOKUP($C31,성분!$B$2:$O$51519,3,FALSE))/100*P31 -> 3.495 | F31: =IF($C31="","",VLOOKUP($C31,성분!$B$2:$O$51519,5,FALSE))/100*$P31 -> 0.5775 | G31: =IF($C31="","",VLOOKUP($C31,성분!$B$2:$O$51519,4,FALSE))/100*$P31 -> 0.105 | H31: =IF($C31="","",VLOOKUP($C31,성분!$B$2:$O$51519,6,FALSE))/100*$P31 -> 0.0555 | I31: =IF($C31="","",VLOOKUP($C31,성분!$B$2:$O$51519,7,FALSE))/100*$P31 -> 15 | J31: =IF($C31="","",VLOOKUP($C31,성분!$B$2:$O$51519,8,FALSE))/100*$P31 -> 0.135 | K31: =IF($C31="","",VLOOKUP($C31,성분!$B$2:$O$51519,9,FALSE))/100*$P31 -> 54 | L31: =IF($C31="","",VLOOKUP($C31,성분!$B$2:$O$51519,10,FALSE))/100*$P31 -> 0.009 | M31: =IF($C31="","",VLOOKUP($C31,성분!$B$2:$O$51519,11,FALSE))/100*$P31 -> 0.015 | N31: =IF($C31="","",VLOOKUP($C31,성분!$B$2:$O$51519,12,FALSE))/100*$P31 -> 0.09 | O31: =IF($C31="","",VLOOKUP($C31,성분!$B$2:$O$51519,13,FALSE))/100*$P31 -> 3.66 | P31: =D31 -> 15 | Q31: =($O$8*P31)/1000 -> 1.635 | R31: =INT(Q31) -> 1
A32: =ROW()-10 -> 22 | C32: 양파 | D32: 1 | E32: =IF($C32="","",VLOOKUP($C32,성분!$B$2:$O$1509,3,FALSE))/100*P32 -> 0.35 | F32: =IF($C32="","",VLOOKUP($C32,성분!$B$2:$O$10517,5,FALSE))/100*$P32 -> 0.0766 | G32: =IF($C32="","",VLOOKUP($C32,성분!$B$2:$O$1509,4,FALSE))/100*$P32 -> 0.01 | H32: =IF($C32="","",VLOOKUP($C32,성분!$B$2:$O$1509,6,FALSE))/100*$P32 -> 0.0019 | I32: =IF($C32="","",VLOOKUP($C32,성분!$B$2:$O$1509,7,FALSE))/100*$P32 -> 0.15 | J32: =IF($C32="","",VLOOKUP($C32,성분!$B$2:$O$1509,8,FALSE))/100*$P32 -> 0.003 | K32: =IF($C32="","",VLOOKUP($C32,성분!$B$2:$O$1509,9,FALSE))/100*$P32 -> 0 | L32: =IF($C32="","",VLOOKUP($C32,성분!$B$2:$O$1509,10,FALSE))/100*$P32 -> 0.0004 | M32: =IF($C32="","",VLOOKUP($C32,성분!$B$2:$O$10517,11,FALSE))/100*$P32 -> 0.0001 | N32: =IF($C32="","",VLOOKUP($C32,성분!$B$2:$O$10517,12,FALSE))/100*$P32 -> 0.002 | O32: =IF($C32="","",VLOOKUP($C32,성분!$B$2:$O$10517,13,FALSE))/100*$P32 -> 0.08 | P32: =D32 -> 1 | Q32: =($O$8*P32)/1000 -> 0.109 | R32: =INT(Q32) -> 0
A33: =ROW()-10 -> 23 | C33: 유자소스 | D33: 5 | E33: =IF($C33="","",VLOOKUP($C33,성분!$B$2:$O$10517,3,FALSE))/100*P33 -> 2.3 | F33: =IF($C33="","",VLOOKUP($C33,성분!$B$2:$O$10517,5,FALSE))/100*$P33 -> 2.2 | G33: =IF($C33="","",VLOOKUP($C33,성분!$B$2:$O$1509,4,FALSE))/100*$P33 -> 0.1 | H33: =IF($C33="","",VLOOKUP($C33,성분!$B$2:$O$1509,6,FALSE))/100*$P33 -> 0 | I33: =IF($C33="","",VLOOKUP($C33,성분!$B$2:$O$1509,7,FALSE))/100*$P33 -> 0.9 | J33: =IF($C33="","",VLOOKUP($C33,성분!$B$2:$O$1509,8,FALSE))/100*$P33 -> 0.045 | K33: =IF($C33="","",VLOOKUP($C33,성분!$B$2:$O$1509,9,FALSE))/100*$P33 -> 7.9 | L33: =IF($C33="","",VLOOKUP($C33,성분!$B$2:$O$1509,10,FALSE))/100*$P33 -> 0.0045 | M33: =IF($C33="","",VLOOKUP($C33,성분!$B$2:$O$10517,11,FALSE))/100*$P33 -> 0.004 | N33: =IF($C33="","",VLOOKUP($C33,성분!$B$2:$O$10517,12,FALSE))/100*$P33 -> 0.065 | O33: =IF($C33="","",VLOOKUP($C33,성분!$B$2:$O$10517,13,FALSE))/100*$P33 -> 0.5 | P33: =D33 -> 5 | Q33: =($O$8*P33)/1000 -> 0.545 | R33: =INT(Q33) -> 0
A34: =ROW()-10 -> 24 | B34: 깍두기 | C34: 깍두기 | D34: 30 | E34: =IF($C34="","",VLOOKUP($C34,성분!$B$2:$O$10517,3,FALSE))/100*P34 -> 9.9 | F34: =IF($C34="","",VLOOKUP($C34,성분!$B$2:$O$10517,5,FALSE))/100*$P34 -> 2.22 | G34: =IF($C34="","",VLOOKUP($C34,성분!$B$2:$O$1509,4,FALSE))/100*$P34 -> 0.48 | H34: =IF($C34="","",VLOOKUP($C34,성분!$B$2:$O$1509,6,FALSE))/100*$P34 -> 0.09 | I34: =IF($C34="","",VLOOKUP($C34,성분!$B$2:$O$1509,7,FALSE))/100*$P34 -> 11.1 | J34: =IF($C34="","",VLOOKUP($C34,성분!$B$2:$O$1509,8,FALSE))/100*$P34 -> 0.84 | K34: =IF($C34="","",VLOOKUP($C34,성분!$B$2:$O$1509,9,FALSE))/100*$P34 -> 11.4 | L34: =IF($C34="","",VLOOKUP($C34,성분!$B$2:$O$1509,10,FALSE))/100*$P34 -> 0.042 | M34: =IF($C34="","",VLOOKUP($C34,성분!$B$2:$O$10517,11,FALSE))/100*$P34 -> 0.015 | N34: =IF($C34="","",VLOOKUP($C34,성분!$B$2:$O$10517,12,FALSE))/100*$P34 -> 0.15 | O34: =IF($C34="","",VLOOKUP($C34,성분!$B$2:$O$10517,13,FALSE))/100*$P34 -> 5.7 | P34: =D34 -> 30 | Q34: =($O$8*P34)/1000 -> 3.27 | R34: =INT(Q34) -> 3
A35: =ROW()-10 -> 25 | B35: 진한망고 | C35: 진한망고 | D35: 100 | E35: =IF($C35="","",VLOOKUP($C35,성분!$B$2:$O$51519,3,FALSE))/100*P35 -> 0 | F35: =IF($C35="","",VLOOKUP($C35,성분!$B$2:$O$51519,5,FALSE))/100*$P35 -> 0 | G35: =IF($C35="","",VLOOKUP($C35,성분!$B$2:$O$51519,4,FALSE))/100*$P35 -> 0 | H35: =IF($C35="","",VLOOKUP($C35,성분!$B$2:$O$51519,6,FALSE))/100*$P35 -> 0 | I35: =IF($C35="","",VLOOKUP($C35,성분!$B$2:$O$51519,7,FALSE))/100*$P35 -> 0 | J35: =IF($C35="","",VLOOKUP($C35,성분!$B$2:$O$51519,8,FALSE))/100*$P35 -> 0 | K35: =IF($C35="","",VLOOKUP($C35,성분!$B$2:$O$51519,9,FALSE))/100*$P35 -> 0 | L35: =IF($C35="","",VLOOKUP($C35,성분!$B$2:$O$51519,10,FALSE))/100*$P35 -> 0 | M35: =IF($C35="","",VLOOKUP($C35,성분!$B$2:$O$51519,11,FALSE))/100*$P35 -> 0 | N35: =IF($C35="","",VLOOKUP($C35,성분!$B$2:$O$51519,12,FALSE))/100*$P35 -> 0 | O35: =IF($C35="","",VLOOKUP($C35,성분!$B$2:$O$51519,13,FALSE))/100*$P35 -> 0 | P35: =D35 -> 100 | Q35: =($O$8*P35)/1000 -> 10.9 | R35: =INT(Q35) -> 10
A36: 1인 기준량 | E36: =SUM(E11:E35) -> 794.483 | F36: =SUM(F11:F35) -> 131.6851 | G36: =SUM(G11:G35) -> 41.823 | H36: =SUM(H11:H35) -> 27.7619 | I36: =SUM(I11:I35) -> 203.339 | J36: =SUM(J11:J35) -> 6.062 | K36: =SUM(K11:K35) -> 236.865 | L36: =SUM(L11:L35) -> 0.4723 | ... O36: =SUM(O11:O35) -> 26.857 | P36: =D36 -> 0 | Q36: =($O$8*P36)/1000 -> 0 | R36: =INT(Q36) -> 0
A37: 급식모니터링, 대면검수 1. 맛 양호 2. 이물,이취 등 없음 3.조리상태 양호. | R37: =INT(Q37) -> 0
A38: ※식품원산지표기 | S38: =INT(R38) -> 0
A39: 쌀: 국내산 | P39: 1인 급식비 | R39: 5000
A40: 포기김치:배추(국내산) / 돼지고기(국내산) / 닭고기(국내산) / 식육가공품(국내산/외국산) | P40: 1인 식품비 | R40: =R39*0.72 -> 3600
P41: 비율 | R41: 0.72
G42: 667 | H42: 15 | I42: 300 | J42: 5.4 | K42: 234 | L42: 0.34 | M42: 0.4 | N42: 5.26 | O42: 33.4
D1352: 240

Sheet 3목
M1: 업체담당 | N1: 학교담당 | O1: 행정실장
M2: 정소예
A3: 일 자 : | C3: 45750 | E3: 석식
A6: 급식학생수 | O6: 총계
A7: 구분 | D7: 1학년 | F7: 2학년 | H7: 3학년 | K7: 합계 | M7: 교직원
A8: 심인고등학교 | H8: 107 | K8: =SUM(D8:J8) -> 107 | M8: 2 | O8: =SUM(D8:J8,M8) -> 109
A9: 식 단 | D9: 백미밥,에비동,얼큰콩나물국,찐갈비만두&초간장,실곤약야채무침,배추김치,얼려먹는요구르트
A10: 번호 | B10: 메뉴명 | C10: 식품명 | D10: 1인량 (g) | E10: 열량 (kcal) | F10: 탄수화물 (g) | G10: 단백질 (g) | H10: 지방 (g) | I10: 칼슘 (mg) | J10: 철 (mg) | K10: VIT-A (RE) | L10: VIT-B1 (mg) | M10: VIT-B2 (mg) | N10: NIACIN (mg) | O10: VIT-C | P10: 기준량 | Q10: 총량
A11: =ROW()-10 -> 1 | B11: 백미밥 | C11: 쌀 | D11: 100 | E11: =IF($C11="","",VLOOKUP($C11,성분!$B$2:$O$10517,3,FALSE))/100*P11 -> 240 | F11: =IF($C11="","",VLOOKUP($C11,성분!$B$2:$O$10517,5,FALSE))/100*$P11 -> 78.5 | G11: =IF($C11="","",VLOOKUP($C11,성분!$B$2:$O$10517,4,FALSE))/100*$P11 -> 6.4 | H11: =IF($C11="","",VLOOKUP($C11,성분!$B$2:$O$10517,6,FALSE))/100*$P11 -> 0.4 | I11: =IF($C11="","",VLOOKUP($C11,성분!$B$2:$O$10517,7,FALSE))/100*$P11 -> 7 | J11: =IF($C11="","",VLOOKUP($C11,성분!$B$2:$O$10517,8,FALSE))/100*$P11 -> 0.5 | K11: =IF($C11="","",VLOOKUP($C11,성분!$B$2:$O$10517,9,FALSE))/100*$P11 -> 0 | L11: =IF($C11="","",VLOOKUP($C11,성분!$B$2:$O$10517,10,FALSE))/100*$P11 -> 0.12 | M11: =IF($C11="","",VLOOKUP($C11,성분!$B$2:$O$10517,11,FALSE))/100*$P11 -> 0 | N11: =IF($C11="","",VLOOKUP($C11,성분!$B$2:$O$10517,12,FALSE))/100*$P11 -> 1.4 | O11: =IF($C11="","",VLOOKUP($C11,성분!$B$2:$O$10517,13,FALSE))/100*$P11 -> 0 | P11: =D11 -> 100 | Q11: =($O$8*P11)/1000 -> 10.9 | R11: =INT(Q11) -> 10
A12: =ROW()-10 -> 2 | B12: 에비동 | C12: 새우튀김 | D12: 60 | E12: 88.2 | F12: =IF($C12="","",VLOOKUP($C12,성분!$B$2:$O$10517,5,FALSE))/100*$P12 -> 6.9 | G12: =IF($C12="","",VLOOKUP($C12,성분!$B$2:$O$10517,4,FALSE))/100*$P12 -> 6.12 | H12: =IF($C12="","",VLOOKUP($C12,성분!$B$2:$O$10517,6,FALSE))/100*$P12 -> 0.228 | I12: 32.5 | J12: =IF($C12="","",VLOOKUP($C12,성분!$B$2:$O$10517,8,FALSE))/100*$P12 -> 0.9 | K12: =IF($C12="","",VLOOKUP($C12,성분!$B$2:$O$10517,9,FALSE))/100*$P12 -> 0 | L12: =IF($C12="","",VLOOKUP($C12,성분!$B$2:$O$10517,10,FALSE))/100*$P12 -> 0.024 | M12: =IF($C12="","",VLOOKUP($C12,성분!$B$2:$O$10517,11,FALSE))/100*$P12 -> 0.042 | N12: =IF($C12="","",VLOOKUP($C12,성분!$B$2:$O$10517,12,FALSE))/100*$P12 -> 0.42 | O12: =IF($C12="","",VLOOKUP($C12,성분!$B$2:$O$10517,13,FALSE))/100*$P12 -> 0 | P12: =D12 -> 60 | Q12: =($O$8*P12)/1000 -> 6.54 | R12: =INT(Q12) -> 6
A13: =ROW()-10 -> 3 | C13: 양파 | D13: 20 | E13: 15 | F13: =IF($C13="","",VLOOKUP($C13,성분!$B$2:$O$10517,5,FALSE))/100*$P13 -> 1.532 | G13: =IF($C13="","",VLOOKUP($C13,성분!$B$2:$O$10517,4,FALSE))/100*$P13 -> 0.2 | H13: =IF($C13="","",VLOOKUP($C13,성분!$B$2:$O$10517,6,FALSE))/100*$P13 -> 0.038 | I13: 5.3 | J13: =IF($C13="","",VLOOKUP($C13,성분!$B$2:$O$10517,8,FALSE))/100*$P13 -> 0.06 | K13: =IF($C13="","",VLOOKUP($C13,성분!$B$2:$O$10517,9,FALSE))/100*$P13 -> 0 | L13: =IF($C13="","",VLOOKUP($C13,성분!$B$2:$O$10517,10,FALSE))/100*$P13 -> 0.008 | M13: =IF($C13="","",VLOOKUP($C13,성분!$B$2:$O$10517,11,FALSE))/100*$P13 -> 0.002 | N13: =IF($C13="","",VLOOKUP($C13,성분!$B$2:$O$10517,12,FALSE))/100*$P13 -> 0.04 | O13: =IF($C13="","",VLOOKUP($C13,성분!$B$2:$O$10517,13,FALSE))/100*$P13 -> 1.6 | P13: =D13 -> 20 | Q13: =($O$8*P13)/1000 -> 2.18 | R13: =INT(Q13) -> 2
A14: =ROW()-10 -> 4 | C14: 대파 | D14: 15 | E14: 5 | F14: =IF($C14="","",VLOOKUP($C14,성분!$B$2:$O$10517,5,FALSE))/100*$P14 -> 0.669 | G14: =IF($C14="","",VLOOKUP($C14,성분!$B$2:$O$10517,4,FALSE))/100*$P14 -> 0 | H14: =IF($C14="","",VLOOKUP($C14,성분!$B$2:$O$10517,6,FALSE))/100*$P14 -> 0.039 | I14: =IF($C14="","",VLOOKUP($C14,성분!$B$2:$O$10517,7,FALSE))/100*$P14 -> 12.15 | J14: =IF($C14="","",VLOOKUP($C14,성분!$B$2:$O$10517,8,FALSE))/100*$P14 -> 0.15 | K14: =IF($C14="","",VLOOKUP($C14,성분!$B$2:$O$10517,9,FALSE))/100*$P14 -> 19.35 | L14: =IF($C14="","",VLOOKUP($C14,성분!$B$2:$O$10517,10,FALSE))/100*$P14 -> 0.009 | M14: =IF($C14="","",VLOOKUP($C14,성분!$B$2:$O$10517,11,FALSE))/100*$P14 -> 0.0135 | N14: =IF($C14="","",VLOOKUP($C14,성분!$B$2:$O$10517,12,FALSE))/100*$P14 -> 0.09 | O14: =IF($C14="","",VLOOKUP($C14,성분!$B$2:$O$10517,13,FALSE))/100*$P14 -> 3.15 | P14: =D14 -> 15 | Q14: =($O$8*P14)/1000 -> 1.635 | R14: =INT(Q14) -> 1
A15: =ROW()-10 -> 5 | C15: 당근 | D15: 15 | E15: 8.3 | F15: =IF($C15="","",VLOOKUP($C15,성분!$B$2:$O$10517,5,FALSE))/100*$P15 -> 1.0545 | G15: =IF($C15="","",VLOOKUP($C15,성분!$B$2:$O$10517,4,FALSE))/100*$P15 -> 0.15 | H15: =IF($C15="","",VLOOKUP($C15,성분!$B$2:$O$10517,6,FALSE))/100*$P15 -> 0.0195 | I15: 8.8 | J15: =IF($C15="","",VLOOKUP($C15,성분!$B$2:$O$10517,8,FALSE))/100*$P15 -> 0.105 | K15: =IF($C15="","",VLOOKUP($C15,성분!$B$2:$O$10517,9,FALSE))/100*$P15 -> 188.55 | L15: =IF($C15="","",VLOOKUP($C15,성분!$B$2:$O$10517,10,FALSE))/100*$P15 -> 0.009 | M15: =IF($C15="","",VLOOKUP($C15,성분!$B$2:$O$10517,11,FALSE))/100*$P15 -> 0.006 | N15: =IF($C15="","",VLOOKUP($C15,성분!$B$2:$O$10517,12,FALSE))/100*$P15 -> 0.12 | O15: =IF($C15="","",VLOOKUP($C15,성분!$B$2:$O$10517,13,FALSE))/100*$P15 -> 0.9 | P15: =D15 -> 15 | Q15: =($O$8*P15)/1000 -> 1.635 | R15: =INT(Q15) -> 1
A16: =ROW()-10 -> 6 | C16: 계란 | D16: 20 | E16: =IF($C16="","",VLOOKUP($C16,성분!$B$2:$O$10517,3,FALSE))/100*P16 -> 28 | F16: =IF($C16="","",VLOOKUP($C16,성분!$B$2:$O$10517,5,FALSE))/100*$P16 -> 8.8 | G16: =IF($C16="","",VLOOKUP($C16,성분!$B$2:$O$10517,4,FALSE))/100*$P16 -> 2.54 | H16: =IF($C16="","",VLOOKUP($C16,성분!$B$2:$O$10517,6,FALSE))/100*$P16 -> 1.806 | I16: =IF($C16="","",VLOOKUP($C16,성분!$B$2:$O$10517,7,FALSE))/100*$P16 -> 9.4 | J16: =IF($C16="","",VLOOKUP($C16,성분!$B$2:$O$10517,8,FALSE))/100*$P16 -> 0.36 | K16: =IF($C16="","",VLOOKUP($C16,성분!$B$2:$O$10517,9,FALSE))/100*$P16 -> 31.2 | L16: =IF($C16="","",VLOOKUP($C16,성분!$B$2:$O$10517,10,FALSE))/100*$P16 -> 0.02 | M16: =IF($C16="","",VLOOKUP($C16,성분!$B$2:$O$10517,11,FALSE))/100*$P16 -> 0.052 | N16: =IF($C16="","",VLOOKUP($C16,성분!$B$2:$O$10517,12,FALSE))/100*$P16 -> 0.02 | O16: =IF($C16="","",VLOOKUP($C16,성분!$B$2:$O$10517,13,FALSE))/100*$P16 -> 0 | P16: =D16 -> 20 | Q16: =($O$8*P16)/1000 -> 2.18 | R16: =INT(Q16) -> 2
A17: =ROW()-10 -> 7 | C17: 표고버섯 | D17: 20 | E17: 9.3 | F17: =IF($C17="","",VLOOKUP($C17,성분!$B$2:$O$10517,5,FALSE))/100*$P17 -> 1.1 | G17: =IF($C17="","",VLOOKUP($C17,성분!$B$2:$O$10517,4,FALSE))/100*$P17 -> 0.4 | H17: =IF($C17="","",VLOOKUP($C17,성분!$B$2:$O$10517,6,FALSE))/100*$P17 -> 0.06 | I17: =IF($C17="","",VLOOKUP($C17,성분!$B$2:$O$10517,7,FALSE))/100*$P17 -> 0.8 | J17: =IF($C17="","",VLOOKUP($C17,성분!$B$2:$O$10517,8,FALSE))/100*$P17 -> 0.24 | K17: =IF($C17="","",VLOOKUP($C17,성분!$B$2:$O$10517,9,FALSE))/100*$P17 -> 0 | L17: =IF($C17="","",VLOOKUP($C17,성분!$B$2:$O$10517,10,FALSE))/100*$P17 -> 0.01 | M17: =IF($C17="","",VLOOKUP($C17,성분!$B$2:$O$10517,11,FALSE))/100*$P17 -> 0.042 | N17: =IF($C17="","",VLOOKUP($C17,성분!$B$2:$O$10517,12,FALSE))/100*$P17 -> 0.76 | O17: =IF($C17="","",VLOOKUP($C17,성분!$B$2:$O$10517,13,FALSE))/100*$P17 -> 1 | P17: =D17 -> 20 | Q17: =($O$8*P17)/1000 -> 2.18 | R17: =INT(Q17) -> 2
A18: =ROW()-10 -> 8 | C18: 우동장국 | D18: 3 | E18: 5.5 | F18: =IF($C18="","",VLOOKUP($C18,성분!$B$2:$O$10517,5,FALSE))/100*$P18 -> 0.717 | G18: =IF($C18="","",VLOOKUP($C18,성분!$B$2:$O$10517,4,FALSE))/100*$P18 -> 0.111 | H18: =IF($C18="","",VLOOKUP($C18,성분!$B$2:$O$10517,6,FALSE))/100*$P18 -> 0.009 | I18: 4.3 | J18: =IF($C18="","",VLOOKUP($C18,성분!$B$2:$O$10517,8,FALSE))/100*$P18 -> 0 | K18: =IF($C18="","",VLOOKUP($C18,성분!$B$2:$O$10517,9,FALSE))/100*$P18 -> 0 | L18: =IF($C18="","",VLOOKUP($C18,성분!$B$2:$O$10517,10,FALSE))/100*$P18 -> 0 | M18: =IF($C18="","",VLOOKUP($C18,성분!$B$2:$O$10517,11,FALSE))/100*$P18 -> 0 | N18: =IF($C18="","",VLOOKUP($C18,성분!$B$2:$O$10517,12,FALSE))/100*$P18 -> 0 | O18: =IF($C18="","",VLOOKUP($C18,성분!$B$2:$O$10517,13,FALSE))/100*$P18 -> 0 | P18: =D18 -> 3 | Q18: =($O$8*P18)/1000 -> 0.327 | R18: =INT(Q18) -> 0
A19: =ROW()-10 -> 9 | B19: 얼큰콩나물국 | C19: 콩나물 | D19: 30 | E19: 16 | F19: =IF($C19="","",VLOOKUP($C19,성분!$B$2:$O$10517,5,FALSE))/100*$P19 -> 0.48 | G19: =IF($C19="","",VLOOKUP($C19,성분!$B$2:$O$10517,4,FALSE))/100*$P19 -> 1.5 | H19: =IF($C19="","",VLOOKUP($C19,성분!$B$2:$O$10517,6,FALSE))/100*$P19 -> 0.09 | I19: =IF($C19="","",VLOOKUP($C19,성분!$B$2:$O$10517,7,FALSE))/100*$P19 -> 9.3 | J19: =IF($C19="","",VLOOKUP($C19,성분!$B$2:$O$10517,8,FALSE))/100*$P19 -> 0.18 | K19: =IF($C19="","",VLOOKUP($C19,성분!$B$2:$O$10517,9,FALSE))/100*$P19 -> 0 | L19: =IF($C19="","",VLOOKUP($C19,성분!$B$2:$O$10517,10,FALSE))/100*$P19 -> 0.027 | M19: =IF($C19="","",VLOOKUP($C19,성분!$B$2:$O$10517,11,FALSE))/100*$P19 -> 0.03 | N19: =IF($C19="","",VLOOKUP($C19,성분!$B$2:$O$10517,12,FALSE))/100*$P19 -> 0.21 | O19: =IF($C19="","",VLOOKUP($C19,성분!$B$2:$O$10517,13,FALSE))/100*$P19 -> 2.4 | P19: =D19 -> 30 | Q19: =($O$8*P19)/1000 -> 3.27 | R19: =INT(Q19) -> 3
A20: =ROW()-10 -> 10 | C20: 무우 | D20: 35 | E20: =IF($C20="","",VLOOKUP($C20,성분!$B$2:$O$10517,3,FALSE))/100*P20 -> 6.3 | F20: =IF($C20="","",VLOOKUP($C20,성분!$B$2:$O$10517,5,FALSE))/100*$P20 -> 1.463 | G20: =IF($C20="","",VLOOKUP($C20,성분!$B$2:$O$10517,4,FALSE))/100*$P20 -> 0.28 | H20: =IF($C20="","",VLOOKUP($C20,성분!$B$2:$O$10517,6,FALSE))/100*$P20 -> 0.07 | I20: 10.1 | J20: =IF($C20="","",VLOOKUP($C20,성분!$B$2:$O$10517,8,FALSE))/100*$P20 -> 0.273 | K20: =IF($C20="","",VLOOKUP($C20,성분!$B$2:$O$10517,9,FALSE))/100*$P20 -> 5.25 | L20: =IF($C20="","",VLOOKUP($C20,성분!$B$2:$O$10517,10,FALSE))/100*$P20 -> 0.0105 | M20: =IF($C20="","",VLOOKUP($C20,성분!$B$2:$O$10517,11,FALSE))/100*$P20 -> 0.021 | N20: =IF($C20="","",VLOOKUP($C20,성분!$B$2:$O$10517,12,FALSE))/100*$P20 -> 0.0735 | O20: =IF($C20="","",VLOOKUP($C20,성분!$B$2:$O$10517,13,FALSE))/100*$P20 -> 1.12 | P20: =D20 -> 35 | Q20: =($O$8*P20)/1000 -> 3.815 | R20: =INT(Q20) -> 3
A21: =ROW()-10 -> 11 | C21: 대파 | D21: 10 | E21: =IF($C21="","",VLOOKUP($C21,성분!$B$2:$O$10517,3,FALSE))/100*P21 -> 2.6 | F21: =IF($C21="","",VLOOKUP($C21,성분!$B$2:$O$10517,5,FALSE))/100*$P21 -> 0.446 | G21: =IF($C21="","",VLOOKUP($C21,성분!$B$2:$O$10517,4,FALSE))/100*$P21 -> 0 | H21: =IF($C21="","",VLOOKUP($C21,성분!$B$2:$O$10517,6,FALSE))/100*$P21 -> 0.026 | I21: =IF($C21="","",VLOOKUP($C21,성분!$B$2:$O$10517,7,FALSE))/100*$P21 -> 8.1 | J21: =IF($C21="","",VLOOKUP($C21,성분!$B$2:$O$10517,8,FALSE))/100*$P21 -> 0.1 | K21: =IF($C21="","",VLOOKUP($C21,성분!$B$2:$O$10517,9,FALSE))/100*$P21 -> 12.9 | L21: =IF($C21="","",VLOOKUP($C21,성분!$B$2:$O$10517,10,FALSE))/100*$P21 -> 0.006 | M21: =IF($C21="","",VLOOKUP($C21,성분!$B$2:$O$10517,11,FALSE))/100*$P21 -> 0.009 | N21: =IF($C21="","",VLOOKUP($C21,성분!$B$2:$O$10517,12,FALSE))/100*$P21 -> 0.06 | O21: =IF($C21="","",VLOOKUP($C21,성분!$B$2:$O$10517,13,FALSE))/100*$P21 -> 2.1 | P21: =D21 -> 10 | Q21: =($O$8*P21)/1000 -> 1.09 | R21: =INT(Q21) -> 1
A22: =ROW()-10 -> 12 | C22: 건다시마 | D22: 3 | E22: 183 | F22: =IF($C22="","",VLOOKUP($C22,성분!$B$2:$O$10517,5,FALSE))/100*$P22 -> 1.356 | G22: =IF($C22="","",VLOOKUP($C22,성분!$B$2:$O$10517,4,FALSE))/100*$P22 -> 0.222 | H22: =IF($C22="","",VLOOKUP($C22,성분!$B$2:$O$10517,6,FALSE))/100*$P22 -> 0.033 | I22: =IF($C22="","",VLOOKUP($C22,성분!$B$2:$O$10517,7,FALSE))/100*$P22 -> 21.24 | J22: =IF($C22="","",VLOOKUP($C22,성분!$B$2:$O$10517,8,FALSE))/100*$P22 -> 0.189 | K22: =IF($C22="","",VLOOKUP($C22,성분!$B$2:$O$10517,9,FALSE))/100*$P22 -> 2.88 | L22: =IF($C22="","",VLOOKUP($C22,성분!$B$2:$O$10517,10,FALSE))/100*$P22 -> 0.0066 | M22: =IF($C22="","",VLOOKUP($C22,성분!$B$2:$O$10517,11,FALSE))/100*$P22 -> 0.0135 | N22: =IF($C22="","",VLOOKUP($C22,성분!$B$2:$O$10517,12,FALSE))/100*$P22 -> 0.135 | O22: =IF($C22="","",VLOOKUP($C22,성분!$B$2:$O$10517,13,FALSE))/100*$P22 -> 0.54 | P22: =D22 -> 3 | Q22: =($O$8*P22)/1000 -> 0.327 | R22: =INT(Q22) -> 0
A23: =ROW()-10 -> 13 | C23: 다시멸치 | D23: 3 | E23: =IF($C23="","",VLOOKUP($C23,성분!$B$2:$O$10517,3,FALSE))/100*P23 -> 9.09 | F23: =IF($C23="","",VLOOKUP($C23,성분!$B$2:$O$10517,5,FALSE))/100*$P23 -> 0.009 | G23: =IF($C23="","",VLOOKUP($C23,성분!$B$2:$O$10517,4,FALSE))/100*$P23 -> 0.99 | H23: =IF($C23="","",VLOOKUP($C23,성분!$B$2:$O$10517,6,FALSE))/100*$P23 -> 0.219 | I23: 2.8 | J23: =IF($C23="","",VLOOKUP($C23,성분!$B$2:$O$10517,8,FALSE))/100*$P23 -> 0.12 | K23: =IF($C23="","",VLOOKUP($C23,성분!$B$2:$O$10517,9,FALSE))/100*$P23 -> 0 | L23: =IF($C23="","",VLOOKUP($C23,성분!$B$2:$O$10517,10,FALSE))/100*$P23 -> 0.0042 | M23: =IF($C23="","",VLOOKUP($C23,성분!$B$2:$O$10517,11,FALSE))/100*$P23 -> 0.0036 | N23: =IF($C23="","",VLOOKUP($C23,성분!$B$2:$O$10517,12,FALSE))/100*$P23 -> 0.06 | O23: =IF($C23="","",VLOOKUP($C23,성분!$B$2:$O$10517,13,FALSE))/100*$P23 -> 0 | P23: =D23 -> 3 | Q23: =($O$8*P23)/1000 -> 0.327 | R23: =INT(Q23) -> 0
A24: =ROW()-10 -> 14 | B24: 찐갈비만두&초간장 | C24: 갈비만두 | D24: 75 | E24: 183 | F24: =IF($C24="","",VLOOKUP($C24,성분!$B$2:$O$10517,5,FALSE))/100*$P24 -> 0.225 | G24: =IF($C24="","",VLOOKUP($C24,성분!$B$2:$O$10517,4,FALSE))/100*$P24 -> 5.595 | H24: =IF($C24="","",VLOOKUP($C24,성분!$B$2:$O$10517,6,FALSE))/100*$P24 -> 8.475 | I24: =IF($C24="","",VLOOKUP($C24,성분!$B$2:$O$10517,7,FALSE))/100*$P24 -> 24.3975 | J24: =IF($C24="","",VLOOKUP($C24,성분!$B$2:$O$10517,8,FALSE))/100*$P24 -> 0 | K24: =IF($C24="","",VLOOKUP($C24,성분!$B$2:$O$10517,9,FALSE))/100*$P24 -> 14.175 | L24: =IF($C24="","",VLOOKUP($C24,성분!$B$2:$O$10517,10,FALSE))/100*$P24 -> 0.09 | M24: =IF($C24="","",VLOOKUP($C24,성분!$B$2:$O$10517,11,FALSE))/100*$P24 -> 0.045 | N24: =IF($C24="","",VLOOKUP($C24,성분!$B$2:$O$10517,12,FALSE))/100*$P24 -> 0 | O24: =IF($C24="","",VLOOKUP($C24,성분!$B$2:$O$10517,13,FALSE))/100*$P24 -> 0 | P24: =D24 -> 75 | Q24: =($O$8*P24)/1000 -> 8.175 | R24: =INT(Q24) -> 8
A25: =ROW()-10 -> 15 | C25: 간장 | D25: 5 | E25: =IF($C25="","",VLOOKUP($C25,성분!$B$2:$O$10517,3,FALSE))/100*P25 -> 2.5 | F25: =IF($C25="","",VLOOKUP($C25,성분!$B$2:$O$10517,5,FALSE))/100*$P25 -> 0.465 | G25: =IF($C25="","",VLOOKUP($C25,성분!$B$2:$O$10517,4,FALSE))/100*$P25 -> 0.42 | H25: =IF($C25="","",VLOOKUP($C25,성분!$B$2:$O$10517,6,FALSE))/100*$P25 -> 0.015 | I25: 2.8 | J25: =IF($C25="","",VLOOKUP($C25,성분!$B$2:$O$10517,8,FALSE))/100*$P25 -> 0.105 | K25: =IF($C25="","",VLOOKUP($C25,성분!$B$2:$O$10517,9,FALSE))/100*$P25 -> 0 | L25: =IF($C25="","",VLOOKUP($C25,성분!$B$2:$O$10517,10,FALSE))/100*$P25 -> 0.0015 | M25: =IF($C25="","",VLOOKUP($C25,성분!$B$2:$O$10517,11,FALSE))/100*$P25 -> 0.004 | N25: =IF($C25="","",VLOOKUP($C25,성분!$B$2:$O$10517,12,FALSE))/100*$P25 -> 0.06 | O25: =IF($C25="","",VLOOKUP($C25,성분!$B$2:$O$10517,13,FALSE))/100*$P25 -> 0 | P25: =D25 -> 5 | Q25: =($O$8*P25)/1000 -> 0.545 | R25: =INT(Q25) -> 0
A26: =ROW()-10 -> 16 | C26: 식초 | D26: 3 | E26: =IF($C26="","",VLOOKUP($C26,성분!$B$2:$O$10517,3,FALSE))/100*P26 -> 0.33 | F26: =IF($C26="","",VLOOKUP($C26,성분!$B$2:$O$10517,5,FALSE))/100*$P26 -> 0.084 | G26: =IF($C26="","",VLOOKUP($C26,성분!$B$2:$O$10517,4,FALSE))/100*$P26 -> 0.006 | H26: =IF($C26="","",VLOOKUP($C26,성분!$B$2:$O$10517,6,FALSE))/100*$P26 -> 0 | I26: =IF($C26="","",VLOOKUP($C26,성분!$B$2:$O$10517,7,FALSE))/100*$P26 -> 0.09 | J26: =IF($C26="","",VLOOKUP($C26,성분!$B$2:$O$10517,8,FALSE))/100*$P26 -> 0.003 | K26: =IF($C26="","",VLOOKUP($C26,성분!$B$2:$O$10517,9,FALSE))/100*$P26 -> 0 | L26: =IF($C26="","",VLOOKUP($C26,성분!$B$2:$O$10517,10,FALSE))/100*$P26 -> 0 | M26: =IF($C26="","",VLOOKUP($C26,성분!$B$2:$O$10517,11,FALSE))/100*$P26 -> 0 | N26: =IF($C26="","",VLOOKUP($C26,성분!$B$2:$O$10517,12,FALSE))/100*$P26 -> 0 | O26: =IF($C26="","",VLOOKUP($C26,성분!$B$2:$O$10517,13,FALSE))/100*$P26 -> 0 | P26: =D26 -> 3 | Q26: =($O$8*P26)/1000 -> 0.327 | R26: =INT(Q26) -> 0
A27: =ROW()-10 -> 17 | B27: 실곤약야채무침 | C27: 실곤약 | D27: 40 | E27: 12.3 | F27: =IF($C27="","",VLOOKUP($C27,성분!$B$2:$O$10517,5,FALSE))/100*$P27 -> 1.2 | G27: =IF($C27="","",VLOOKUP($C27,성분!$B$2:$O$10517,4,FALSE))/100*$P27 -> 0.08 | H27: =IF($C27="","",VLOOKUP($C27,성분!$B$2:$O$10517,6,FALSE))/100*$P27 -> 0 | I27: 38.2 | J27: =IF($C27="","",VLOOKUP($C27,성분!$B$2:$O$10517,8,FALSE))/100*$P27 -> 0.2 | K27: =IF($C27="","",VLOOKUP($C27,성분!$B$2:$O$10517,9,FALSE))/100*$P27 -> 0 | L27: =IF($C27="","",VLOOKUP($C27,성분!$B$2:$O$10517,10,FALSE))/100*$P27 -> 0 | M27: =IF($C27="","",VLOOKUP($C27,성분!$B$2:$O$10517,11,FALSE))/100*$P27 -> 0 | N27: =IF($C27="","",VLOOKUP($C27,성분!$B$2:$O$10517,12,FALSE))/100*$P27 -> 0 | O27: =IF($C27="","",VLOOKUP($C27,성분!$B$2:$O$10517,13,FALSE))/100*$P27 -> 0 | P27: =D27 -> 40 | Q27: =($O$8*P27)/1000 -> 4.36 | R27: =INT(Q27) -> 4
A28: =ROW()-10 -> 18 | C28: 양배추 | D28: 15 | E28: 7.8 | F28: =IF($C28="","",VLOOKUP($C28,성분!$B$2:$O$10517,5,FALSE))/100*$P28 -> 0.942 | G28: =IF($C28="","",VLOOKUP($C28,성분!$B$2:$O$10517,4,FALSE))/100*$P28 -> 0.21 | H28: =IF($C28="","",VLOOKUP($C28,성분!$B$2:$O$10517,6,FALSE))/100*$P28 -> 0.201 | I28: 8.8 | J28: =IF($C28="","",VLOOKUP($C28,성분!$B$2:$O$10517,8,FALSE))/100*$P28 -> 0.06 | K28: =IF($C28="","",VLOOKUP($C28,성분!$B$2:$O$10517,9,FALSE))/100*$P28 -> 0.45 | L28: =IF($C28="","",VLOOKUP($C28,성분!$B$2:$O$10517,10,FALSE))/100*$P28 -> 0.006 | M28: =IF($C28="","",VLOOKUP($C28,성분!$B$2:$O$10517,11,FALSE))/100*$P28 -> 0.006 | N28: =IF($C28="","",VLOOKUP($C28,성분!$B$2:$O$10517,12,FALSE))/100*$P28 -> 0.045 | O28: =IF($C28="","",VLOOKUP($C28,성분!$B$2:$O$10517,13,FALSE))/100*$P28 -> 4.35 | P28: =D28 -> 15 | Q28: =($O$8*P28)/1000 -> 1.635 | R28: =INT(Q28) -> 1
A29: =ROW()-10 -> 19 | C29: 오이 | D29: 15 | E29: 2.8 | F29: =IF($C29="","",VLOOKUP($C29,성분!$B$2:$O$10517,5,FALSE))/100*$P29 -> 0.264 | G29: =IF($C29="","",VLOOKUP($C29,성분!$B$2:$O$10517,4,FALSE))/100*$P29 -> 0 | H29: =IF($C29="","",VLOOKUP($C29,성분!$B$2:$O$10517,6,FALSE))/100*$P29 -> 0.015 | I29: =IF($C29="","",VLOOKUP($C29,성분!$B$2:$O$10517,7,FALSE))/100*$P29 -> 3 | J29: =IF($C29="","",VLOOKUP($C29,성분!$B$2:$O$10517,8,FALSE))/100*$P29 -> 0.045 | K29: =IF($C29="","",VLOOKUP($C29,성분!$B$2:$O$10517,9,FALSE))/100*$P29 -> 3.6 | L29: =IF($C29="","",VLOOKUP($C29,성분!$B$2:$O$10517,10,FALSE))/100*$P29 -> 0.006 | M29: =IF($C29="","",VLOOKUP($C29,성분!$B$2:$O$10517,11,FALSE))/100*$P29 -> 0.006 | N29: =IF($C29="","",VLOOKUP($C29,성분!$B$2:$O$10517,12,FALSE))/100*$P29 -> 0.03 | O29: =IF($C29="","",VLOOKUP($C29,성분!$B$2:$O$10517,13,FALSE))/100*$P29 -> 1.5 | P29: =D29 -> 15 | Q29: =($O$8*P29)/1000 -> 1.635 | R29: =INT(Q29) -> 1
A30: =ROW()-10 -> 20 | C30: 당근 | D30: 10 | E30: =IF($C30="","",VLOOKUP($C30,성분!$B$2:$O$10517,3,FALSE))/100*P30 -> 3.4 | F30: =IF($C30="","",VLOOKUP($C30,성분!$B$2:$O$10517,5,FALSE))/100*$P30 -> 0.703 | G30: =IF($C30="","",VLOOKUP($C30,성분!$B$2:$O$10517,4,FALSE))/100*$P30 -> 0.1 | H30: =IF($C30="","",VLOOKUP($C30,성분!$B$2:$O$10517,6,FALSE))/100*$P30 -> 0.013 | I30: 4.8 | J30: =IF($C30="","",VLOOKUP($C30,성분!$B$2:$O$10517,8,FALSE))/100*$P30 -> 0.07 | K30: =IF($C30="","",VLOOKUP($C30,성분!$B$2:$O$10517,9,FALSE))/100*$P30 -> 125.7 | L30: =IF($C30="","",VLOOKUP($C30,성분!$B$2:$O$10517,10,FALSE))/100*$P30 -> 0.006 | M30: =IF($C30="","",VLOOKUP($C30,성분!$B$2:$O$10517,11,FALSE))/100*$P30 -> 0.004 | N30: =IF($C30="","",VLOOKUP($C30,성분!$B$2:$O$10517,12,FALSE))/100*$P30 -> 0.08 | O30: =IF($C30="","",VLOOKUP($C30,성분!$B$2:$O$10517,13,FALSE))/100*$P30 -> 0.6 | P30: =D30 -> 10 | Q30: =($O$8*P30)/1000 -> 1.09 | R30: =INT(Q30) -> 1
A31: =ROW()-10 -> 21 | C31: 깻잎 | D31: 10 | E31: 5.9 | F31: =IF($C31="","",VLOOKUP($C31,성분!$B$2:$O$10517,5,FALSE))/100*$P31 -> 0.55 | G31: =IF($C31="","",VLOOKUP($C31,성분!$B$2:$O$10517,4,FALSE))/100*$P31 -> 0.34 | H31: =IF($C31="","",VLOOKUP($C31,성분!$B$2:$O$10517,6,FALSE))/100*$P31 -> 0.02 | I31: =IF($C31="","",VLOOKUP($C31,성분!$B$2:$O$10517,7,FALSE))/100*$P31 -> 32.5 | J31: =IF($C31="","",VLOOKUP($C31,성분!$B$2:$O$10517,8,FALSE))/100*$P31 -> 0.26 | K31: =IF($C31="","",VLOOKUP($C31,성분!$B$2:$O$10517,9,FALSE))/100*$P31 -> 88.2 | L31: =IF($C31="","",VLOOKUP($C31,성분!$B$2:$O$10517,10,FALSE))/100*$P31 -> 0.011 | M31: =IF($C31="","",VLOOKUP($C31,성분!$B$2:$O$10517,11,FALSE))/100*$P31 -> 0.03 | N31: =IF($C31="","",VLOOKUP($C31,성분!$B$2:$O$10517,12,FALSE))/100*$P31 -> 0.1 | O31: =IF($C31="","",VLOOKUP($C31,성분!$B$2:$O$10517,13,FALSE))/100*$P31 -> 4.3 | P31: =D31 -> 10 | Q31: =($O$8*P31)/1000 -> 1.09 | R31: =INT(Q31) -> 1
A32: =ROW()-10 -> 22 | B32: 배추김치 | C32: 배추김치 | D32: 30 | E32: =IF($C32="","",VLOOKUP($C32,성분!$B$2:$O$10517,3,FALSE))/100*P32 -> 15 | F32: =IF($C32="","",VLOOKUP($C32,성분!$B$2:$O$10517,5,FALSE))/100*$P32 -> 1.32 | G32: =IF($C32="","",VLOOKUP($C32,성분!$B$2:$O$10517,4,FALSE))/100*$P32 -> 0.6 | H32: =IF($C32="","",VLOOKUP($C32,성분!$B$2:$O$10517,6,FALSE))/100*$P32 -> 0.06 | I32: =IF($C32="","",VLOOKUP($C32,성분!$B$2:$O$10517,7,FALSE))/100*$P32 -> 14.1 | J32: =IF($C32="","",VLOOKUP($C32,성분!$B$2:$O$10517,8,FALSE))/100*$P32 -> 0.9 | K32: =IF($C32="","",VLOOKUP($C32,성분!$B$2:$O$10517,9,FALSE))/100*$P32 -> 14.4 | L32: =IF($C32="","",VLOOKUP($C32,성분!$B$2:$O$10517,10,FALSE))/100*$P32 -> 0.018 | M32: =IF($C32="","",VLOOKUP($C32,성분!$B$2:$O$10517,11,FALSE))/100*$P32 -> 0.018 | N32: =IF($C32="","",VLOOKUP($C32,성분!$B$2:$O$10517,12,FALSE))/100*$P32 -> 0.24 | O32: =IF($C32="","",VLOOKUP($C32,성분!$B$2:$O$10517,13,FALSE))/100*$P32 -> 4.2 | P32: =D32 -> 30 | Q32: =($O$8*P32)/1000 -> 3.27 | R32: =INT(Q32) -> 3
A33: =ROW()-10 -> 23 | B33: 얼려먹는요구르트 | C33: 얼려먹는요구르트 | D33: 110 | E33: =IF($C33="","",VLOOKUP($C33,성분!$B$2:$O$10517,3,FALSE))/100*P33 -> 50.6 | F33: =IF($C33="","",VLOOKUP($C33,성분!$B$2:$O$10517,5,FALSE))/100*$P33 -> 12.1 | G33: =IF($C33="","",VLOOKUP($C33,성분!$B$2:$O$10517,4,FALSE))/100*$P33 -> 1.1 | H33: =IF($C33="","",VLOOKUP($C33,성분!$B$2:$O$10517,6,FALSE))/100*$P33 -> 0 | I33: =IF($C33="","",VLOOKUP($C33,성분!$B$2:$O$10517,7,FALSE))/100*$P33 -> 0 | J33: =IF($C33="","",VLOOKUP($C33,성분!$B$2:$O$10517,8,FALSE))/100*$P33 -> 0 | K33: =IF($C33="","",VLOOKUP($C33,성분!$B$2:$O$10517,9,FALSE))/100*$P33 -> 0 | L33: =IF($C33="","",VLOOKUP($C33,성분!$B$2:$O$10517,10,FALSE))/100*$P33 -> 0 | M33: =IF($C33="","",VLOOKUP($C33,성분!$B$2:$O$10517,11,FALSE))/100*$P33 -> 0 | N33: =IF($C33="","",VLOOKUP($C33,성분!$B$2:$O$10517,12,FALSE))/100*$P33 -> 0 | O33: =IF($C33="","",VLOOKUP($C33,성분!$B$2:$O$10517,13,FALSE))/100*$P33 -> 89.1 | P33: =D33 -> 110 | Q33: =($O$8*P33)/1000 -> 11.99 | R33: =INT(Q33) -> 11
A34: 1인 기준량 | E34: =SUM(E11:E33) -> 899.92 | F34: =SUM(F11:F33) -> 120.8795 | G34: =SUM(G11:G33) -> 27.364 | H34: =SUM(H11:H33) -> 11.8365 | I34: =SUM(I11:I33) -> 260.4775 | J34: =SUM(J11:J33) -> 4.82 | K34: =SUM(K11:K33) -> 506.655 | L34: =SUM(L11:L33) -> 0.3928 | ... O34: =SUM(O11:O33) -> 116.86 | P34: =D34 -> 0 | Q34: =($O$8*P34)/1000 -> 0 | R34: =INT(Q34) -> 0
A35: 급식모니터링, 대면검수 1. 맛 양호 2. 이물,이취 등 없음 3.조리상태 양호. | R35: =INT(Q35) -> 0
A36: ※식품원산지표기 | S36: =INT(R36) -> 0
A37: 쌀: 국내산 | P37: 1인 급식비 | R37: 5000
A38: 포기김치:배추(국내산) / 돼지고기(국내산) / 닭고기(국내산) / 식육가공품(국내산/외국산) | P38: 1인 식품비 | R38: =R37*0.72 -> 3600
P39: 비율 | R39: 0.72
G40: 667 | H40: 15 | I40: 300 | J40: 5.4 | K40: 234 | L40: 0.34 | M40: 0.4 | N40: 5.26 | O40: 33.4
D1350: 240

Sheet 4금
M1: 업체담당 | N1: 학교담당 | O1: 행정실장
M2: 정소예
A3: 일 자 : | C3: 45751 | E3: 석식
A6: 급식학생수 | O6: 총계
A7: 구분 | D7: 1학년 | F7: 2학년 | H7: 3학년 | K7: 합계 | M7: 교직원
A8: 심인고등학교 | D8: 0 | F8: 0 | H8: 107 | K8: =SUM(D8:J8) -> 107 | M8: 2 | O8: =SUM(K8:N8) -> 109
A9: 식 단 | D9: 잡곡밥,참치추어탕,짜장불고기,동살콘오징어너겟&머스타드,콘슬로우,배추김치&한입바바리안
A10: 번호 | B10: 메뉴명 | C10: 식품명 | D10: 1인량 (g) | E10: 열량 (kcal) | F10: 탄수화물 (g) | G10: 단백질 (g) | H10: 지방 (g) | I10: 칼슘 (mg) | J10: 철 (mg) | K10: VIT-A (RE) | L10: VIT-B1 (mg) | M10: VIT-B2 (mg) | N10: NIACIN (mg) | O10: VIT-C | P10: 기준량 | Q10: 총량
A11: =ROW()-10 -> 1 | B11: 잡곡밥 | C11: 잡곡 | D11: 4 | E11: =IF($C11="","",VLOOKUP($C11,성분!$B$2:$O$51519,3,FALSE))/100*P11 -> 13.96 | F11: =IF($C11="","",VLOOKUP($C11,성분!$B$2:$O$51519,5,FALSE))/100*$P11 -> 3 | G11: =IF($C11="","",VLOOKUP($C11,성분!$B$2:$O$51519,4,FALSE))/100*$P11 -> 0.392 | H11: =IF($C11="","",VLOOKUP($C11,성분!$B$2:$O$51519,6,FALSE))/100*$P11 -> 0.06 | I11: =IF($C11="","",VLOOKUP($C11,성분!$B$2:$O$51519,7,FALSE))/100*$P11 -> 0 | J11: =IF($C11="","",VLOOKUP($C11,성분!$B$2:$O$51519,8,FALSE))/100*$P11 -> 0 | K11: =IF($C11="","",VLOOKUP($C11,성분!$B$2:$O$51519,9,FALSE))/100*$P11 -> 0 | L11: =IF($C11="","",VLOOKUP($C11,성분!$B$2:$O$51519,10,FALSE))/100*$P11 -> 0.0088 | M11: =IF($C11="","",VLOOKUP($C11,성분!$B$2:$O$51519,11,FALSE))/100*$P11 -> 0.0036 | N11: =IF($C11="","",VLOOKUP($C11,성분!$B$2:$O$51519,12,FALSE))/100*$P11 -> 0 | O11: =IF($C11="","",VLOOKUP($C11,성분!$B$2:$O$51519,13,FALSE))/100*$P11 -> 0 | P11: =D11 -> 4 | Q11: =($O$8*P11)/1000 -> 0.436 | R11: =INT(Q11) -> 0
A12: =ROW()-10 -> 2 | C12: 쌀 | D12: 100 | E12: =IF($C12="","",VLOOKUP($C12,성분!$B$2:$O$51519,3,FALSE))/100*P12 -> 240 | F12: =IF($C12="","",VLOOKUP($C12,성분!$B$2:$O$51519,5,FALSE))/100*$P12 -> 78.5 | G12: =IF($C12="","",VLOOKUP($C12,성분!$B$2:$O$51519,4,FALSE))/100*$P12 -> 6.4 | H12: =IF($C12="","",VLOOKUP($C12,성분!$B$2:$O$51519,6,FALSE))/100*$P12 -> 0.4 | I12: =IF($C12="","",VLOOKUP($C12,성분!$B$2:$O$51519,7,FALSE))/100*$P12 -> 7 | J12: =IF($C12="","",VLOOKUP($C12,성분!$B$2:$O$51519,8,FALSE))/100*$P12 -> 0.5 | K12: =IF($C12="","",VLOOKUP($C12,성분!$B$2:$O$51519,9,FALSE))/100*$P12 -> 0 | L12: =IF($C12="","",VLOOKUP($C12,성분!$B$2:$O$51519,10,FALSE))/100*$P12 -> 0.12 | M12: =IF($C12="","",VLOOKUP($C12,성분!$B$2:$O$51519,11,FALSE))/100*$P12 -> 0 | N12: =IF($C12="","",VLOOKUP($C12,성분!$B$2:$O$51519,12,FALSE))/100*$P12 -> 1.4 | O12: =IF($C12="","",VLOOKUP($C12,성분!$B$2:$O$51519,13,FALSE))/100*$P12 -> 0 | P12: =D12 -> 100 | Q12: =($O$8*P12)/1000 -> 10.9 | R12: =INT(Q12) -> 10
A13: =ROW()-10 -> 3 | B13: 참치추어탕 | C13: 참치캔 | D13: 20 | E13: =IF($C13="","",VLOOKUP($C13,성분!$B$2:$O$51519,3,FALSE))/100*P13 -> 26 | F13: =IF($C13="","",VLOOKUP($C13,성분!$B$2:$O$51519,5,FALSE))/100*$P13 -> 0.012 | G13: =IF($C13="","",VLOOKUP($C13,성분!$B$2:$O$51519,4,FALSE))/100*$P13 -> 1.92 | H13: =IF($C13="","",VLOOKUP($C13,성분!$B$2:$O$51519,6,FALSE))/100*$P13 -> 0.94 | I13: =IF($C13="","",VLOOKUP($C13,성분!$B$2:$O$51519,7,FALSE))/100*$P13 -> 0.6 | J13: =IF($C13="","",VLOOKUP($C13,성분!$B$2:$O$51519,8,FALSE))/100*$P13 -> 0.22 | K13: =IF($C13="","",VLOOKUP($C13,성분!$B$2:$O$51519,9,FALSE))/100*$P13 -> 0 | L13: =IF($C13="","",VLOOKUP($C13,성분!$B$2:$O$51519,10,FALSE))/100*$P13 -> 0.002 | M13: =IF($C13="","",VLOOKUP($C13,성분!$B$2:$O$51519,11,FALSE))/100*$P13 -> 0.024 | N13: =IF($C13="","",VLOOKUP($C13,성분!$B$2:$O$51519,12,FALSE))/100*$P13 -> 0.08 | O13: =IF($C13="","",VLOOKUP($C13,성분!$B$2:$O$51519,13,FALSE))/100*$P13 -> 0 | P13: =D13 -> 20 | Q13: =($O$8*P13)/1000 -> 2.18 | R13: =INT(Q13) -> 2
A14: =ROW()-10 -> 4 | C14: 배추 | D14: 25 | E14: =IF($C14="","",VLOOKUP($C14,성분!$B$2:$O$51519,3,FALSE))/100*P14 -> 3 | F14: =IF($C14="","",VLOOKUP($C14,성분!$B$2:$O$51519,5,FALSE))/100*$P14 -> 0.435 | G14: =IF($C14="","",VLOOKUP($C14,성분!$B$2:$O$51519,4,FALSE))/100*$P14 -> 0.35 | H14: =IF($C14="","",VLOOKUP($C14,성분!$B$2:$O$51519,6,FALSE))/100*$P14 -> 0.02 | I14: =IF($C14="","",VLOOKUP($C14,성분!$B$2:$O$51519,7,FALSE))/100*$P14 -> 9.5 | J14: =IF($C14="","",VLOOKUP($C14,성분!$B$2:$O$51519,8,FALSE))/100*$P14 -> 0.1 | K14: =IF($C14="","",VLOOKUP($C14,성분!$B$2:$O$51519,9,FALSE))/100*$P14 -> 1.5 | L14: =IF($C14="","",VLOOKUP($C14,성분!$B$2:$O$51519,10,FALSE))/100*$P14 -> 0.0075 | M14: =IF($C14="","",VLOOKUP($C14,성분!$B$2:$O$51519,11,FALSE))/100*$P14 -> 0.0075 | N14: =IF($C14="","",VLOOKUP($C14,성분!$B$2:$O$51519,12,FALSE))/100*$P14 -> 0.15 | O14: =IF($C14="","",VLOOKUP($C14,성분!$B$2:$O$51519,13,FALSE))/100*$P14 -> 7 | P14: =D14 -> 25 | Q14: =($O$8*P14)/1000 -> 2.725 | R14: =INT(Q14) -> 2
A15: =ROW()-10 -> 5 | C15: 숙주 | D15: 18 | E15: =IF($C15="","",VLOOKUP($C15,성분!$B$2:$O$51519,3,FALSE))/100*P15 -> 1.98 | F15: =IF($C15="","",VLOOKUP($C15,성분!$B$2:$O$51519,5,FALSE))/100*$P15 -> 0.234 | G15: =IF($C15="","",VLOOKUP($C15,성분!$B$2:$O$51519,4,FALSE))/100*$P15 -> 0.396 | H15: =IF($C15="","",VLOOKUP($C15,성분!$B$2:$O$51519,6,FALSE))/100*$P15 -> 0.018 | I15: =IF($C15="","",VLOOKUP($C15,성분!$B$2:$O$51519,7,FALSE))/100*$P15 -> 2.7 | J15: =IF($C15="","",VLOOKUP($C15,성분!$B$2:$O$51519,8,FALSE))/100*$P15 -> 0.108 | K15: =IF($C15="","",VLOOKUP($C15,성분!$B$2:$O$51519,9,FALSE))/100*$P15 -> 0.72 | L15: =IF($C15="","",VLOOKUP($C15,성분!$B$2:$O$51519,10,FALSE))/100*$P15 -> 0.0072 | M15: =IF($C15="","",VLOOKUP($C15,성분!$B$2:$O$51519,11,FALSE))/100*$P15 -> 0.009 | N15: =IF($C15="","",VLOOKUP($C15,성분!$B$2:$O$51519,12,FALSE))/100*$P15 -> 0.09 | O15: =IF($C15="","",VLOOKUP($C15,성분!$B$2:$O$51519,13,FALSE))/100*$P15 -> 1.8 | P15: =D15 -> 18 | Q15: =($O$8*P15)/1000 -> 1.962 | R15: =INT(Q15) -> 1
A16: =ROW()-10 -> 6 | C16: 부추 | D16: 10 | E16: =IF($C16="","",VLOOKUP($C16,성분!$B$2:$O$51519,3,FALSE))/100*P16 -> 3.1 | F16: =IF($C16="","",VLOOKUP($C16,성분!$B$2:$O$51519,5,FALSE))/100*$P16 -> 0.37 | G16: =IF($C16="","",VLOOKUP($C16,성분!$B$2:$O$51519,4,FALSE))/100*$P16 -> 0.43 | H16: =IF($C16="","",VLOOKUP($C16,성분!$B$2:$O$51519,6,FALSE))/100*$P16 -> 0.04 | I16: =IF($C16="","",VLOOKUP($C16,성분!$B$2:$O$51519,7,FALSE))/100*$P16 -> 3.4 | J16: =IF($C16="","",VLOOKUP($C16,성분!$B$2:$O$51519,8,FALSE))/100*$P16 -> 0.29 | K16: =IF($C16="","",VLOOKUP($C16,성분!$B$2:$O$51519,9,FALSE))/100*$P16 -> 63.8 | L16: =IF($C16="","",VLOOKUP($C16,성분!$B$2:$O$51519,10,FALSE))/100*$P16 -> 0.041 | M16: =IF($C16="","",VLOOKUP($C16,성분!$B$2:$O$51519,11,FALSE))/100*$P16 -> 0.006 | N16: =IF($C16="","",VLOOKUP($C16,성분!$B$2:$O$51519,12,FALSE))/100*$P16 -> 0 | O16: =IF($C16="","",VLOOKUP($C16,성분!$B$2:$O$51519,13,FALSE))/100*$P16 -> 4.1 | P16: =D16 -> 10 | Q16: =($O$8*P16)/1000 -> 1.09 | R16: =INT(Q16) -> 1
A17: =ROW()-10 -> 7 | C17: 청고추 | D17: 2 | E17: =IF($C17="","",VLOOKUP($C17,성분!$B$2:$O$51519,3,FALSE))/100*P17 -> 0.38 | F17: =IF($C17="","",VLOOKUP($C17,성분!$B$2:$O$51519,5,FALSE))/100*$P17 -> 0.12 | G17: =IF($C17="","",VLOOKUP($C17,성분!$B$2:$O$51519,4,FALSE))/100*$P17 -> 0.032 | H17: =IF($C17="","",VLOOKUP($C17,성분!$B$2:$O$51519,6,FALSE))/100*$P17 -> 0.004 | I17: =IF($C17="","",VLOOKUP($C17,성분!$B$2:$O$51519,7,FALSE))/100*$P17 -> 0.26 | J17: =IF($C17="","",VLOOKUP($C17,성분!$B$2:$O$51519,8,FALSE))/100*$P17 -> 0.01 | K17: =IF($C17="","",VLOOKUP($C17,성분!$B$2:$O$51519,9,FALSE))/100*$P17 -> 1.04 | L17: =IF($C17="","",VLOOKUP($C17,성분!$B$2:$O$51519,10,FALSE))/100*$P17 -> 0.002 | M17: =IF($C17="","",VLOOKUP($C17,성분!$B$2:$O$51519,11,FALSE))/100*$P17 -> 0.001 | N17: =IF($C17="","",VLOOKUP($C17,성분!$B$2:$O$51519,12,FALSE))/100*$P17 -> 0.022 | O17: =IF($C17="","",VLOOKUP($C17,성분!$B$2:$O$51519,13,FALSE))/100*$P17 -> 1.44 | P17: =D17 -> 2 | Q17: =($O$8*P17)/1000 -> 0.218 | R17: =INT(Q17) -> 0
A18: =ROW()-10 -> 8 | C18: 건다시마 | D18: 3 | E18: =IF($C18="","",VLOOKUP($C18,성분!$B$2:$O$51519,3,FALSE))/100*P18 -> 5.67 | F18: =IF($C18="","",VLOOKUP($C18,성분!$B$2:$O$51519,5,FALSE))/100*$P18 -> 1.356 | G18: =IF($C18="","",VLOOKUP($C18,성분!$B$2:$O$51519,4,FALSE))/100*$P18 -> 0.222 | H18: =IF($C18="","",VLOOKUP($C18,성분!$B$2:$O$51519,6,FALSE))/100*$P18 -> 0.033 | I18: =IF($C18="","",VLOOKUP($C18,성분!$B$2:$O$51519,7,FALSE))/100*$P18 -> 21.24 | J18: =IF($C18="","",VLOOKUP($C18,성분!$B$2:$O$51519,8,FALSE))/100*$P18 -> 0.189 | K18: =IF($C18="","",VLOOKUP($C18,성분!$B$2:$O$51519,9,FALSE))/100*$P18 -> 2.88 | L18: =IF($C18="","",VLOOKUP($C18,성분!$B$2:$O$51519,10,FALSE))/100*$P18 -> 0.0066 | M18: =IF($C18="","",VLOOKUP($C18,성분!$B$2:$O$51519,11,FALSE))/100*$P18 -> 0.0135 | N18: =IF($C18="","",VLOOKUP($C18,성분!$B$2:$O$51519,12,FALSE))/100*$P18 -> 0.135 | O18: =IF($C18="","",VLOOKUP($C18,성분!$B$2:$O$51519,13,FALSE))/100*$P18 -> 0.54 | P18: =D18 -> 3 | Q18: =($O$8*P18)/1000 -> 0.327 | R18: =INT(Q18) -> 0
A19: =ROW()-10 -> 9 | C19: 다시멸치 | D19: 3 | E19: =IF($C19="","",VLOOKUP($C19,성분!$B$2:$O$51519,3,FALSE))/100*P19 -> 9.09 | F19: =IF($C19="","",VLOOKUP($C19,성분!$B$2:$O$51519,5,FALSE))/100*$P19 -> 0.009 | G19: =IF($C19="","",VLOOKUP($C19,성분!$B$2:$O$51519,4,FALSE))/100*$P19 -> 0.99 | H19: =IF($C19="","",VLOOKUP($C19,성분!$B$2:$O$51519,6,FALSE))/100*$P19 -> 0.219 | I19: =IF($C19="","",VLOOKUP($C19,성분!$B$2:$O$51519,7,FALSE))/100*$P19 -> 51 | J19: =IF($C19="","",VLOOKUP($C19,성분!$B$2:$O$51519,8,FALSE))/100*$P19 -> 0.12 | K19: =IF($C19="","",VLOOKUP($C19,성분!$B$2:$O$51519,9,FALSE))/100*$P19 -> 0 | L19: =IF($C19="","",VLOOKUP($C19,성분!$B$2:$O$51519,10,FALSE))/100*$P19 -> 0.0042 | M19: =IF($C19="","",VLOOKUP($C19,성분!$B$2:$O$51519,11,FALSE))/100*$P19 -> 0.0036 | N19: =IF($C19="","",VLOOKUP($C19,성분!$B$2:$O$51519,12,FALSE))/100*$P19 -> 0.06 | O19: =IF($C19="","",VLOOKUP($C19,성분!$B$2:$O$51519,13,FALSE))/100*$P19 -> 0 | P19: =D19 -> 3 | Q19: =($O$8*P19)/1000 -> 0.327 | R19: =INT(Q19) -> 0
A20: =ROW()-10 -> 10 | B20: 짜장불고기 | C20: 돈전지 | D20: 45 | E20: =IF($C20="","",VLOOKUP($C20,성분!$B$2:$O$51519,3,FALSE))/100*P20 -> 81.45 | F20: =IF($C20="","",VLOOKUP($C20,성분!$B$2:$O$51519,5,FALSE))/100*$P20 -> 0 | G20: =IF($C20="","",VLOOKUP($C20,성분!$B$2:$O$51519,4,FALSE))/100*$P20 -> 6.75 | H20: =IF($C20="","",VLOOKUP($C20,성분!$B$2:$O$51519,6,FALSE))/100*$P20 -> 5.535 | I20: =IF($C20="","",VLOOKUP($C20,성분!$B$2:$O$51519,7,FALSE))/100*$P20 -> 0.45 | J20: =IF($C20="","",VLOOKUP($C20,성분!$B$2:$O$51519,8,FALSE))/100*$P20 -> 0.9 | K20: =IF($C20="","",VLOOKUP($C20,성분!$B$2:$O$51519,9,FALSE))/100*$P20 -> 0.9 | L20: =IF($C20="","",VLOOKUP($C20,성분!$B$2:$O$51519,10,FALSE))/100*$P20 -> 0.198 | M20: =IF($C20="","",VLOOKUP($C20,성분!$B$2:$O$51519,11,FALSE))/100*$P20 -> 0.0765 | N20: =IF($C20="","",VLOOKUP($C20,성분!$B$2:$O$51519,12,FALSE))/100*$P20 -> 1.53 | O20: =IF($C20="","",VLOOKUP($C20,성분!$B$2:$O$51519,13,FALSE))/100*$P20 -> 0 | P20: =D20 -> 45 | Q20: =($O$8*P20)/1000 -> 4.905 | R20: =INT(Q20) -> 4
A21: =ROW()-10 -> 11 | C21: 돈후지 | D21: 80 | E21: =IF($C21="","",VLOOKUP($C21,성분!$B$2:$O$51519,3,FALSE))/100*P21 -> 98.4 | F21: =IF($C21="","",VLOOKUP($C21,성분!$B$2:$O$51519,5,FALSE))/100*$P21 -> 0 | G21: =IF($C21="","",VLOOKUP($C21,성분!$B$2:$O$51519,4,FALSE))/100*$P21 -> 5.76 | H21: =IF($C21="","",VLOOKUP($C21,성분!$B$2:$O$51519,6,FALSE))/100*$P21 -> 13.2 | I21: =IF($C21="","",VLOOKUP($C21,성분!$B$2:$O$51519,7,FALSE))/100*$P21 -> 0.8 | J21: =IF($C21="","",VLOOKUP($C21,성분!$B$2:$O$51519,8,FALSE))/100*$P21 -> 0.8 | K21: =IF($C21="","",VLOOKUP($C21,성분!$B$2:$O$51519,9,FALSE))/100*$P21 -> 12.8 | L21: =IF($C21="","",VLOOKUP($C21,성분!$B$2:$O$51519,10,FALSE))/100*$P21 -> 0.08 | M21: =IF($C21="","",VLOOKUP($C21,성분!$B$2:$O$51519,11,FALSE))/100*$P21 -> 0.064 | N21: =IF($C21="","",VLOOKUP($C21,성분!$B$2:$O$51519,12,FALSE))/100*$P21 -> 0.696 | O21: =IF($C21="","",VLOOKUP($C21,성분!$B$2:$O$51519,13,FALSE))/100*$P21 -> 0 | P21: =D21 -> 80 | Q21: =($O$8*P21)/1000 -> 8.72 | R21: =INT(Q21) -> 8
A22: =ROW()-10 -> 12 | C22: 양배추 | D22: 10 | E22: =IF($C22="","",VLOOKUP($C22,성분!$B$2:$O$51519,3,FALSE))/100*P22 -> 3.1 | F22: =IF($C22="","",VLOOKUP($C22,성분!$B$2:$O$51519,5,FALSE))/100*$P22 -> 0.628 | G22: =IF($C22="","",VLOOKUP($C22,성분!$B$2:$O$51519,4,FALSE))/100*$P22 -> 0.14 | H22: =IF($C22="","",VLOOKUP($C22,성분!$B$2:$O$51519,6,FALSE))/100*$P22 -> 0.134 | I22: =IF($C22="","",VLOOKUP($C22,성분!$B$2:$O$51519,7,FALSE))/100*$P22 -> 3.8 | J22: =IF($C22="","",VLOOKUP($C22,성분!$B$2:$O$51519,8,FALSE))/100*$P22 -> 0.04 | K22: =IF($C22="","",VLOOKUP($C22,성분!$B$2:$O$51519,9,FALSE))/100*$P22 -> 0.3 | L22: =IF($C22="","",VLOOKUP($C22,성분!$B$2:$O$51519,10,FALSE))/100*$P22 -> 0.004 | M22: =IF($C22="","",VLOOKUP($C22,성분!$B$2:$O$51519,11,FALSE))/100*$P22 -> 0.004 | N22: =IF($C22="","",VLOOKUP($C22,성분!$B$2:$O$51519,12,FALSE))/100*$P22 -> 0.03 | O22: =IF($C22="","",VLOOKUP($C22,성분!$B$2:$O$51519,13,FALSE))/100*$P22 -> 2.9 | P22: =D22 -> 10 | Q22: =($O$8*P22)/1000 -> 1.09 | R22: =INT(Q22) -> 1
A23: =ROW()-10 -> 13 | C23: 양파 | D23: 20 | E23: =IF($C23="","",VLOOKUP($C23,성분!$B$2:$O$51519,3,FALSE))/100*P23 -> 7 | F23: =IF($C23="","",VLOOKUP($C23,성분!$B$2:$O$51519,5,FALSE))/100*$P23 -> 1.532 | G23: =IF($C23="","",VLOOKUP($C23,성분!$B$2:$O$51519,4,FALSE))/100*$P23 -> 0.2 | H23: =IF($C23="","",VLOOKUP($C23,성분!$B$2:$O$51519,6,FALSE))/100*$P23 -> 0.038 | I23: =IF($C23="","",VLOOKUP($C23,성분!$B$2:$O$51519,7,FALSE))/100*$P23 -> 3 | J23: =IF($C23="","",VLOOKUP($C23,성분!$B$2:$O$51519,8,FALSE))/100*$P23 -> 0.06 | K23: =IF($C23="","",VLOOKUP($C23,성분!$B$2:$O$51519,9,FALSE))/100*$P23 -> 0 | L23: =IF($C23="","",VLOOKUP($C23,성분!$B$2:$O$51519,10,FALSE))/100*$P23 -> 0.008 | M23: =IF($C23="","",VLOOKUP($C23,성분!$B$2:$O$51519,11,FALSE))/100*$P23 -> 0.002 | N23: =IF($C23="","",VLOOKUP($C23,성분!$B$2:$O$51519,12,FALSE))/100*$P23 -> 0.04 | O23: =IF($C23="","",VLOOKUP($C23,성분!$B$2:$O$51519,13,FALSE))/100*$P23 -> 1.6 | P23: =D23 -> 20 | Q23: =($O$8*P23)/1000 -> 2.18 | R23: =INT(Q23) -> 2
A24: =ROW()-10 -> 14 | C24: 당근 | D24: 15 | E24: =IF($C24="","",VLOOKUP($C24,성분!$B$2:$O$51519,3,FALSE))/100*P24 -> 5.1 | F24: =IF($C24="","",VLOOKUP($C24,성분!$B$2:$O$51519,5,FALSE))/100*$P24 -> 1.0545 | G24: =IF($C24="","",VLOOKUP($C24,성분!$B$2:$O$51519,4,FALSE))/100*$P24 -> 0.15 | H24: =IF($C24="","",VLOOKUP($C24,성분!$B$2:$O$51519,6,FALSE))/100*$P24 -> 0.0195 | I24: =IF($C24="","",VLOOKUP($C24,성분!$B$2:$O$51519,7,FALSE))/100*$P24 -> 5.7 | J24: =IF($C24="","",VLOOKUP($C24,성분!$B$2:$O$51519,8,FALSE))/100*$P24 -> 0.105 | K24: =IF($C24="","",VLOOKUP($C24,성분!$B$2:$O$51519,9,FALSE))/100*$P24 -> 188.55 | L24: =IF($C24="","",VLOOKUP($C24,성분!$B$2:$O$51519,10,FALSE))/100*$P24 -> 0.009 | M24: =IF($C24="","",VLOOKUP($C24,성분!$B$2:$O$51519,11,FALSE))/100*$P24 -> 0.006 | N24: =IF($C24="","",VLOOKUP($C24,성분!$B$2:$O$51519,12,FALSE))/100*$P24 -> 0.12 | O24: =IF($C24="","",VLOOKUP($C24,성분!$B$2:$O$51519,13,FALSE))/100*$P24 -> 0.9 | P24: =D24 -> 15 | Q24: =($O$8*P24)/1000 -> 1.635 | R24: =INT(Q24) -> 1
A25: =ROW()-10 -> 15 | C25: 호박 | D25: 10 | E25: =IF($C25="","",VLOOKUP($C25,성분!$B$2:$O$51519,3,FALSE))/100*P25 -> 2.4 | F25: =IF($C25="","",VLOOKUP($C25,성분!$B$2:$O$51519,5,FALSE))/100*$P25 -> 0.74 | G25: =IF($C25="","",VLOOKUP($C25,성분!$B$2:$O$51519,4,FALSE))/100*$P25 -> 0.2 | H25: =IF($C25="","",VLOOKUP($C25,성분!$B$2:$O$51519,6,FALSE))/100*$P25 -> 0.019 | I25: =IF($C25="","",VLOOKUP($C25,성분!$B$2:$O$51519,7,FALSE))/100*$P25 -> 1.5 | J25: =IF($C25="","",VLOOKUP($C25,성분!$B$2:$O$51519,8,FALSE))/100*$P25 -> 0.07 | K25: =IF($C25="","",VLOOKUP($C25,성분!$B$2:$O$51519,9,FALSE))/100*$P25 -> 3.1 | L25: =IF($C25="","",VLOOKUP($C25,성분!$B$2:$O$51519,10,FALSE))/100*$P25 -> 0.006 | M25: =IF($C25="","",VLOOKUP($C25,성분!$B$2:$O$51519,11,FALSE))/100*$P25 -> 0.015 | N25: =IF($C25="","",VLOOKUP($C25,성분!$B$2:$O$51519,12,FALSE))/100*$P25 -> 0 | O25: =IF($C25="","",VLOOKUP($C25,성분!$B$2:$O$51519,13,FALSE))/100*$P25 -> 0.8 | P25: =D25 -> 10 | Q25: =($O$8*P25)/1000 -> 1.09 | R25: =INT(Q25) -> 1
A26: =ROW()-10 -> 16 | C26: 완두콩캔 | D26: 7 | E26: =IF($C26="","",VLOOKUP($C26,성분!$B$2:$O$51519,3,FALSE))/100*P26 -> 5.88 | F26: =IF($C26="","",VLOOKUP($C26,성분!$B$2:$O$51519,5,FALSE))/100*$P26 -> 1.8018 | G26: =IF($C26="","",VLOOKUP($C26,성분!$B$2:$O$51519,4,FALSE))/100*$P26 -> 0.231 | H26: =IF($C26="","",VLOOKUP($C26,성분!$B$2:$O$51519,6,FALSE))/100*$P26 -> 0.021 | I26: =IF($C26="","",VLOOKUP($C26,성분!$B$2:$O$51519,7,FALSE))/100*$P26 -> 1.96 | J26: =IF($C26="","",VLOOKUP($C26,성분!$B$2:$O$51519,8,FALSE))/100*$P26 -> 0.105 | K26: =IF($C26="","",VLOOKUP($C26,성분!$B$2:$O$51519,9,FALSE))/100*$P26 -> 2.8 | L26: =IF($C26="","",VLOOKUP($C26,성분!$B$2:$O$51519,10,FALSE))/100*$P26 -> 0.0021 | M26: =IF($C26="","",VLOOKUP($C26,성분!$B$2:$O$51519,11,FALSE))/100*$P26 -> 0.0021 | N26: =IF($C26="","",VLOOKUP($C26,성분!$B$2:$O$51519,12,FALSE))/100*$P26 -> 0.07 | O26: =IF($C26="","",VLOOKUP($C26,성분!$B$2:$O$51519,13,FALSE))/100*$P26 -> 0 | P26: =D26 -> 7 | Q26: =($O$8*P26)/1000 -> 0.763 | R26: =INT(Q26) -> 0
A27: =ROW()-10 -> 17 | C27: 짜장가루 | D27: 10 | E27: =IF($C27="","",VLOOKUP($C27,성분!$B$2:$O$51519,3,FALSE))/100*P27 -> 18.4 | F27: =IF($C27="","",VLOOKUP($C27,성분!$B$2:$O$51519,5,FALSE))/100*$P27 -> 1.05 | G27: =IF($C27="","",VLOOKUP($C27,성분!$B$2:$O$51519,4,FALSE))/100*$P27 -> 1.32 | H27: =IF($C27="","",VLOOKUP($C27,성분!$B$2:$O$51519,6,FALSE))/100*$P27 -> 0.43 | I27: =IF($C27="","",VLOOKUP($C27,성분!$B$2:$O$51519,7,FALSE))/100*$P27 -> 6 | J27: =IF($C27="","",VLOOKUP($C27,성분!$B$2:$O$51519,8,FALSE))/100*$P27 -> 0.25 | K27: =IF($C27="","",VLOOKUP($C27,성분!$B$2:$O$51519,9,FALSE))/100*$P27 -> 0 | L27: =IF($C27="","",VLOOKUP($C27,성분!$B$2:$O$51519,10,FALSE))/100*$P27 -> 0.006 | M27: =IF($C27="","",VLOOKUP($C27,성분!$B$2:$O$51519,11,FALSE))/100*$P27 -> 0.012 | N27: =IF($C27="","",VLOOKUP($C27,성분!$B$2:$O$51519,12,FALSE))/100*$P27 -> 0.11 | O27: =IF($C27="","",VLOOKUP($C27,성분!$B$2:$O$51519,13,FALSE))/100*$P27 -> 0 | P27: =D27 -> 10 | Q27: =($O$8*P27)/1000 -> 1.09 | R27: =INT(Q27) -> 1
A28: =ROW()-10 -> 18 | B28: 통살콘오징어너겟&머스타드 | C28: 통살콘오징어너겟 | D28: 83 | E28: =IF($C28="","",VLOOKUP($C28,성분!$B$2:$O$51519,3,FALSE))/100*P28 -> 83 | F28: =IF($C28="","",VLOOKUP($C28,성분!$B$2:$O$51519,5,FALSE))/100*$P28 -> 16.6 | G28: =IF($C28="","",VLOOKUP($C28,성분!$B$2:$O$51519,4,FALSE))/100*$P28 -> 16.6 | H28: =IF($C28="","",VLOOKUP($C28,성분!$B$2:$O$51519,6,FALSE))/100*$P28 -> 24.9 | I28: =IF($C28="","",VLOOKUP($C28,성분!$B$2:$O$51519,7,FALSE))/100*$P28 -> 0 | J28: =IF($C28="","",VLOOKUP($C28,성분!$B$2:$O$51519,8,FALSE))/100*$P28 -> 0 | K28: =IF($C28="","",VLOOKUP($C28,성분!$B$2:$O$51519,9,FALSE))/100*$P28 -> 0 | L28: =IF($C28="","",VLOOKUP($C28,성분!$B$2:$O$51519,10,FALSE))/100*$P28 -> 0 | M28: =IF($C28="","",VLOOKUP($C28,성분!$B$2:$O$51519,11,FALSE))/100*$P28 -> 0 | N28: =IF($C28="","",VLOOKUP($C28,성분!$B$2:$O$51519,12,FALSE))/100*$P28 -> 0 | O28: =IF($C28="","",VLOOKUP($C28,성분!$B$2:$O$51519,13,FALSE))/100*$P28 -> 0 | P28: =D28 -> 83 | Q28: =($O$8*P28)/1000 -> 9.047 | R28: =INT(Q28) -> 9
A29: =ROW()-10 -> 19 | C29: 머스타드 | D29: 12 | E29: =IF($C29="","",VLOOKUP($C29,성분!$B$2:$O$51519,3,FALSE))/100*P29 -> 43.8 | F29: =IF($C29="","",VLOOKUP($C29,성분!$B$2:$O$51519,5,FALSE))/100*$P29 -> 0 | G29: =IF($C29="","",VLOOKUP($C29,성분!$B$2:$O$51519,4,FALSE))/100*$P29 -> 0.756 | H29: =IF($C29="","",VLOOKUP($C29,성분!$B$2:$O$51519,6,FALSE))/100*$P29 -> 2.316 | I29: =IF($C29="","",VLOOKUP($C29,성분!$B$2:$O$51519,7,FALSE))/100*$P29 -> 7.2 | J29: =IF($C29="","",VLOOKUP($C29,성분!$B$2:$O$51519,8,FALSE))/100*$P29 -> 0.252 | K29: =IF($C29="","",VLOOKUP($C29,성분!$B$2:$O$51519,9,FALSE))/100*$P29 -> 0 | L29: =IF($C29="","",VLOOKUP($C29,성분!$B$2:$O$51519,10,FALSE))/100*$P29 -> 0 | M29: =IF($C29="","",VLOOKUP($C29,성분!$B$2:$O$51519,11,FALSE))/100*$P29 -> 0.0264 | N29: =IF($C29="","",VLOOKUP($C29,성분!$B$2:$O$51519,12,FALSE))/100*$P29 -> 0 | O29: =IF($C29="","",VLOOKUP($C29,성분!$B$2:$O$51519,13,FALSE))/100*$P29 -> 0.12 | P29: =D29 -> 12 | Q29: =($O$8*P29)/1000 -> 1.308 | R29: =INT(Q29) -> 1
A30: =ROW()-10 -> 20 | B30: 콘슬로우 | C30: 옥수수캔 | D30: 35 | E30: =IF($C30="","",VLOOKUP($C30,성분!$B$2:$O$51519,3,FALSE))/100*P30 -> 33.6 | F30: =IF($C30="","",VLOOKUP($C30,성분!$B$2:$O$51519,5,FALSE))/100*$P30 -> 6.405 | G30: =IF($C30="","",VLOOKUP($C30,성분!$B$2:$O$51519,4,FALSE))/100*$P30 -> 0.945 | H30: =IF($C30="","",VLOOKUP($C30,성분!$B$2:$O$51519,6,FALSE))/100*$P30 -> 0.77 | I30: =IF($C30="","",VLOOKUP($C30,성분!$B$2:$O$51519,7,FALSE))/100*$P30 -> 0.7 | J30: =IF($C30="","",VLOOKUP($C30,성분!$B$2:$O$51519,8,FALSE))/100*$P30 -> 0.14 | K30: =IF($C30="","",VLOOKUP($C30,성분!$B$2:$O$51519,9,FALSE))/100*$P30 -> 4.55 | L30: =IF($C30="","",VLOOKUP($C30,성분!$B$2:$O$51519,10,FALSE))/100*$P30 -> 0.0105 | M30: =IF($C30="","",VLOOKUP($C30,성분!$B$2:$O$51519,11,FALSE))/100*$P30 -> 0.021 | N30: =IF($C30="","",VLOOKUP($C30,성분!$B$2:$O$51519,12,FALSE))/100*$P30 -> 0.315 | O30: =IF($C30="","",VLOOKUP($C30,성분!$B$2:$O$51519,13,FALSE))/100*$P30 -> 1.4 | P30: =D30 -> 35 | Q30: =($O$8*P30)/1000 -> 3.815 | R30: =INT(Q30) -> 3
A31: =ROW()-10 -> 21 | C31: 맛살 | D31: 8 | E31: =IF($C31="","",VLOOKUP($C31,성분!$B$2:$O$51519,3,FALSE))/100*P31 -> 8 | F31: =IF($C31="","",VLOOKUP($C31,성분!$B$2:$O$51519,5,FALSE))/100*$P31 -> 0.104 | G31: =IF($C31="","",VLOOKUP($C31,성분!$B$2:$O$51519,4,FALSE))/100*$P31 -> 1.6 | H31: =IF($C31="","",VLOOKUP($C31,성분!$B$2:$O$51519,6,FALSE))/100*$P31 -> 0.064 | I31: =IF($C31="","",VLOOKUP($C31,성분!$B$2:$O$51519,7,FALSE))/100*$P31 -> 10.24 | J31: =IF($C31="","",VLOOKUP($C31,성분!$B$2:$O$51519,8,FALSE))/100*$P31 -> 0.24 | K31: =IF($C31="","",VLOOKUP($C31,성분!$B$2:$O$51519,9,FALSE))/100*$P31 -> 0 | L31: =IF($C31="","",VLOOKUP($C31,성분!$B$2:$O$51519,10,FALSE))/100*$P31 -> 0.0024 | M31: =IF($C31="","",VLOOKUP($C31,성분!$B$2:$O$51519,11,FALSE))/100*$P31 -> 0.004 | N31: =IF($C31="","",VLOOKUP($C31,성분!$B$2:$O$51519,12,FALSE))/100*$P31 -> 0.0024 | O31: =IF($C31="","",VLOOKUP($C31,성분!$B$2:$O$51519,13,FALSE))/100*$P31 -> 0 | P31: =D31 -> 8 | Q31: =($O$8*P31)/1000 -> 0.872 | R31: =INT(Q31) -> 0
A32: =ROW()-10 -> 22 | C32: 건포도 | D32: 5 | E32: =IF($C32="","",VLOOKUP($C32,성분!$B$2:$O$51519,3,FALSE))/100*P32 -> 13.7 | F32: =IF($C32="","",VLOOKUP($C32,성분!$B$2:$O$51519,5,FALSE))/100*$P32 -> 3.69 | G32: =IF($C32="","",VLOOKUP($C32,성분!$B$2:$O$51519,4,FALSE))/100*$P32 -> 0.15 | H32: =IF($C32="","",VLOOKUP($C32,성분!$B$2:$O$51519,6,FALSE))/100*$P32 -> 0.01 | I32: =IF($C32="","",VLOOKUP($C32,성분!$B$2:$O$51519,7,FALSE))/100*$P32 -> 2.9 | J32: =IF($C32="","",VLOOKUP($C32,성분!$B$2:$O$51519,8,FALSE))/100*$P32 -> 0.105 | K32: =IF($C32="","",VLOOKUP($C32,성분!$B$2:$O$51519,9,FALSE))/100*$P32 -> 0 | L32: =IF($C32="","",VLOOKUP($C32,성분!$B$2:$O$51519,10,FALSE))/100*$P32 -> 0.007 | M32: =IF($C32="","",VLOOKUP($C32,성분!$B$2:$O$51519,11,FALSE))/100*$P32 -> 0.0015 | N32: =IF($C32="","",VLOOKUP($C32,성분!$B$2:$O$51519,12,FALSE))/100*$P32 -> 0.03 | O32: =IF($C32="","",VLOOKUP($C32,성분!$B$2:$O$51519,13,FALSE))/100*$P32 -> 0 | P32: =D32 -> 5 | Q32: =($O$8*P32)/1000 -> 0.545 | R32: =INT(Q32) -> 0
A33: =ROW()-10 -> 23 | C33: 양배추 | D33: 10 | E33: =IF($C33="","",VLOOKUP($C33,성분!$B$2:$O$51519,3,FALSE))/100*P33 -> 3.1 | F33: =IF($C33="","",VLOOKUP($C33,성분!$B$2:$O$51519,5,FALSE))/100*$P33 -> 0.628 | G33: =IF($C33="","",VLOOKUP($C33,성분!$B$2:$O$51519,4,FALSE))/100*$P33 -> 0.14 | H33: =IF($C33="","",VLOOKUP($C33,성분!$B$2:$O$51519,6,FALSE))/100*$P33 -> 0.134 | I33: =IF($C33="","",VLOOKUP($C33,성분!$B$2:$O$51519,7,FALSE))/100*$P33 -> 3.8 | J33: =IF($C33="","",VLOOKUP($C33,성분!$B$2:$O$51519,8,FALSE))/100*$P33 -> 0.04 | K33: =IF($C33="","",VLOOKUP($C33,성분!$B$2:$O$51519,9,FALSE))/100*$P33 -> 0.3 | L33: =IF($C33="","",VLOOKUP($C33,성분!$B$2:$O$51519,10,FALSE))/100*$P33 -> 0.004 | M33: =IF($C33="","",VLOOKUP($C33,성분!$B$2:$O$51519,11,FALSE))/100*$P33 -> 0.004 | N33: =IF($C33="","",VLOOKUP($C33,성분!$B$2:$O$51519,12,FALSE))/100*$P33 -> 0.03 | O33: =IF($C33="","",VLOOKUP($C33,성분!$B$2:$O$51519,13,FALSE))/100*$P33 -> 2.9 | P33: =D33 -> 10 | Q33: =($O$8*P33)/1000 -> 1.09 | R33: =INT(Q33) -> 1
A34: =ROW()-10 -> 24 | C34: 후르츠캔 | D34: 10 | E34: =IF($C34="","",VLOOKUP($C34,성분!$B$2:$O$51519,3,FALSE))/100*P34 -> 7.9 | F34: =IF($C34="","",VLOOKUP($C34,성분!$B$2:$O$51519,5,FALSE))/100*$P34 -> 2.34 | G34: =IF($C34="","",VLOOKUP($C34,성분!$B$2:$O$51519,4,FALSE))/100*$P34 -> 0.04 | H34: =IF($C34="","",VLOOKUP($C34,성분!$B$2:$O$51519,6,FALSE))/100*$P34 -> 0.01 | I34: =IF($C34="","",VLOOKUP($C34,성분!$B$2:$O$51519,7,FALSE))/100*$P34 -> 0.6 | J34: =IF($C34="","",VLOOKUP($C34,성분!$B$2:$O$51519,8,FALSE))/100*$P34 -> 0.03 | K34: =IF($C34="","",VLOOKUP($C34,성분!$B$2:$O$51519,9,FALSE))/100*$P34 -> 0.2 | L34: =IF($C34="","",VLOOKUP($C34,성분!$B$2:$O$51519,10,FALSE))/100*$P34 -> 0.002 | M34: =IF($C34="","",VLOOKUP($C34,성분!$B$2:$O$51519,11,FALSE))/100*$P34 -> 0.002 | N34: =IF($C34="","",VLOOKUP($C34,성분!$B$2:$O$51519,12,FALSE))/100*$P34 -> 0.04 | O34: =IF($C34="","",VLOOKUP($C34,성분!$B$2:$O$51519,13,FALSE))/100*$P34 -> 0.2 | P34: =D34 -> 10 | Q34: =($O$8*P34)/1000 -> 1.09 | R34: =INT(Q34) -> 1
A35: =ROW()-10 -> 25 | C35: 마요네즈 | D35: 5 | E35: =IF($C35="","",VLOOKUP($C35,성분!$B$2:$O$51519,3,FALSE))/100*P35 -> 35.35 | F35: =IF($C35="","",VLOOKUP($C35,성분!$B$2:$O$51519,5,FALSE))/100*$P35 -> 0.21 | G35: =IF($C35="","",VLOOKUP($C35,성분!$B$2:$O$51519,4,FALSE))/100*$P35 -> 0.03 | H35: =IF($C35="","",VLOOKUP($C35,성분!$B$2:$O$51519,6,FALSE))/100*$P35 -> 3.545 | I35: =IF($C35="","",VLOOKUP($C35,성분!$B$2:$O$51519,7,FALSE))/100*$P35 -> 1.05 | J35: =IF($C35="","",VLOOKUP($C35,성분!$B$2:$O$51519,8,FALSE))/100*$P35 -> 0.004 | K35: =IF($C35="","",VLOOKUP($C35,성분!$B$2:$O$51519,9,FALSE))/100*$P35 -> 0.75 | L35: =IF($C35="","",VLOOKUP($C35,성분!$B$2:$O$51519,10,FALSE))/100*$P35 -> 0.001 | M35: =IF($C35="","",VLOOKUP($C35,성분!$B$2:$O$51519,11,FALSE))/100*$P35 -> 0.0015 | N35: =IF($C35="","",VLOOKUP($C35,성분!$B$2:$O$51519,12,FALSE))/100*$P35 -> 0.005 | O35: =IF($C35="","",VLOOKUP($C35,성분!$B$2:$O$51519,13,FALSE))/100*$P35 -> 0 | P35: =D35 -> 5 | Q35: =($O$8*P35)/1000 -> 0.545 | R35: =INT(Q35) -> 0
A36: =ROW()-10 -> 26 | C36: 머스타드 | D36: 3 | E36: =IF($C36="","",VLOOKUP($C36,성분!$B$2:$O$51519,3,FALSE))/100*P36 -> 10.95 | F36: =IF($C36="","",VLOOKUP($C36,성분!$B$2:$O$51519,5,FALSE))/100*$P36 -> 0 | G36: =IF($C36="","",VLOOKUP($C36,성분!$B$2:$O$51519,4,FALSE))/100*$P36 -> 0.189 | H36: =IF($C36="","",VLOOKUP($C36,성분!$B$2:$O$51519,6,FALSE))/100*$P36 -> 0.579 | I36: =IF($C36="","",VLOOKUP($C36,성분!$B$2:$O$51519,7,FALSE))/100*$P36 -> 1.8 | J36: =IF($C36="","",VLOOKUP($C36,성분!$B$2:$O$51519,8,FALSE))/100*$P36 -> 0.063 | K36: =IF($C36="","",VLOOKUP($C36,성분!$B$2:$O$51519,9,FALSE))/100*$P36 -> 0 | L36: =IF($C36="","",VLOOKUP($C36,성분!$B$2:$O$51519,10,FALSE))/100*$P36 -> 0 | M36: =IF($C36="","",VLOOKUP($C36,성분!$B$2:$O$51519,11,FALSE))/100*$P36 -> 0.0066 | N36: =IF($C36="","",VLOOKUP($C36,성분!$B$2:$O$51519,12,FALSE))/100*$P36 -> 0 | O36: =IF($C36="","",VLOOKUP($C36,성분!$B$2:$O$51519,13,FALSE))/100*$P36 -> 0.03 | P36: =D36 -> 3 | Q36: =($O$8*P36)/1000 -> 0.327 | R36: =INT(Q36) -> 0
A37: =ROW()-10 -> 27 | B37: 배추김치 | C37: 배추김치 | D37: 30 | E37: =IF($C37="","",VLOOKUP($C37,성분!$B$2:$O$51519,3,FALSE))/100*P37 -> 15 | F37: =IF($C37="","",VLOOKUP($C37,성분!$B$2:$O$51519,5,FALSE))/100*$P37 -> 1.32 | G37: =IF($C37="","",VLOOKUP($C37,성분!$B$2:$O$51519,4,FALSE))/100*$P37 -> 0.6 | H37: =IF($C37="","",VLOOKUP($C37,성분!$B$2:$O$51519,6,FALSE))/100*$P37 -> 0.06 | I37: =IF($C37="","",VLOOKUP($C37,성분!$B$2:$O$51519,7,FALSE))/100*$P37 -> 14.1 | J37: =IF($C37="","",VLOOKUP($C37,성분!$B$2:$O$51519,8,FALSE))/100*$P37 -> 0.9 | K37: =IF($C37="","",VLOOKUP($C37,성분!$B$2:$O$51519,9,FALSE))/100*$P37 -> 14.4 | L37: =IF($C37="","",VLOOKUP($C37,성분!$B$2:$O$51519,10,FALSE))/100*$P37 -> 0.018 | M37: =IF($C37="","",VLOOKUP($C37,성분!$B$2:$O$51519,11,FALSE))/100*$P37 -> 0.018 | N37: =IF($C37="","",VLOOKUP($C37,성분!$B$2:$O$51519,12,FALSE))/100*$P37 -> 0.24 | O37: =IF($C37="","",VLOOKUP($C37,성분!$B$2:$O$51519,13,FALSE))/100*$P37 -> 4.2 | P37: =D37 -> 30 | Q37: =($O$8*P37)/1000 -> 3.27 | R37: =INT(Q37) -> 3
A38: =ROW()-10 -> 28 | B38: 한입바바리안 | C38: 한입바바리안 | D38: 30 | E38: =IF($C38="","",VLOOKUP($C38,성분!$B$2:$O$51519,3,FALSE))/100*P38 -> 60 | F38: =IF($C38="","",VLOOKUP($C38,성분!$B$2:$O$51519,5,FALSE))/100*$P38 -> 17.13 | G38: =IF($C38="","",VLOOKUP($C38,성분!$B$2:$O$51519,4,FALSE))/100*$P38 -> 2.799 | H38: =IF($C38="","",VLOOKUP($C38,성분!$B$2:$O$51519,6,FALSE))/100*$P38 -> 6.87 | I38: =IF($C38="","",VLOOKUP($C38,성분!$B$2:$O$51519,7,FALSE))/100*$P38 -> 12.855 | J38: =IF($C38="","",VLOOKUP($C38,성분!$B$2:$O$51519,8,FALSE))/100*$P38 -> 0.801 | K38: =IF($C38="","",VLOOKUP($C38,성분!$B$2:$O$51519,9,FALSE))/100*$P38 -> 0 | L38: =IF($C38="","",VLOOKUP($C38,성분!$B$2:$O$51519,10,FALSE))/100*$P38 -> 0.045 | M38: =IF($C38="","",VLOOKUP($C38,성분!$B$2:$O$51519,11,FALSE))/100*$P38 -> 0.018 | N38: =IF($C38="","",VLOOKUP($C38,성분!$B$2:$O$51519,12,FALSE))/100*$P38 -> 0.054 | O38: =IF($C38="","",VLOOKUP($C38,성분!$B$2:$O$51519,13,FALSE))/100*$P38 -> 0 | P38: =D38 -> 30 | Q38: =($O$8*P38)/1000 -> 3.27 | R38: =INT(Q38) -> 3
A39: 1인 기준량 | E39: =SUM(E11:E38) -> 839.31 | F39: =SUM(F11:F38) -> 139.2693 | G39: =SUM(G11:G38) -> 49.732 | H39: =SUM(H11:H38) -> 60.3885 | I39: =SUM(I11:I38) -> 174.155 | J39: =SUM(J11:J38) -> 6.442 | K39: =SUM(K11:K38) -> 298.59 | L39: =SUM(L11:L38) -> 0.6023 | ... O39: =SUM(O11:O38) -> 29.93 | P39: =D39 -> 0 | Q39: =($O$8*P39)/1000 -> 0 | R39: =INT(Q39) -> 0
A40: 급식모니터링, 대면검수 1. 맛 양호 2. 이물,이취 등 없음 3.조리상태 양호. | R40: =INT(Q40) -> 0
A41: ※식품원산지표기 | S41: =INT(R41) -> 0
A42: 쌀: 국내산 | P42: 1인 급식비 | R42: 5000
A43: 포기김치:배추(국내산) / 돼지고기(국내산) / 닭고기(국내산) / 식육가공품(국내산/외국산) | P43: 1인 식품비 | R43: =R42*0.72 -> 3600
P44: 비율 | R44: 0.72
G45: 667 | H45: 15 | I45: 300 | J45: 5.4 | K45: 234 | L45: 0.34 | M45: 0.4 | N45: 5.26 | O45: 33.4
D1355: 240

Sheet 7월
M1: 업체담당 | N1: 학교담당 | O1: 행정실장
M2: 정소예
A3: 일 자 : | C3: 45754 | E3: 석식
A6: 급식학생수 | O6: 총계
A7: 구분 | D7: 1학년 | F7: 2학년 | H7: 3학년 | K7: 합계 | M7: 교직원
A8: 심인고등학교 | D8: 181 | F8: 88 | H8: 107 | K8: =SUM(D8:J8) -> 376 | M8: 2 | O8: =SUM(K8:N8) -> 378
A9: 식 단 | D9: 백미밥,들꺠미역국,로제찜닭,뿌링클치즈볼,참나물무침,깍두기,트로피칼푸딩
A10: 번호 | B10: 메뉴명 | C10: 식품명 | D10: 1인량 (g) | E10: 열량 (kcal) | F10: 탄수화물 (g) | G10: 단백질 (g) | H10: 지방 (g) | I10: 칼슘 (mg) | J10: 철 (mg) | K10: VIT-A (RE) | L10: VIT-B1 (mg) | M10: VIT-B2 (mg) | N10: NIACIN (mg) | O10: VIT-C | P10: 기준량 | Q10: 총량
A11: =ROW()-10 -> 1 | B11: 백미밥 | C11: 쌀 | D11: 100 | E11: =IF($C11="","",VLOOKUP($C11,성분!$B$2:$O$51519,3,FALSE))/100*P11 -> 240 | F11: =IF($C11="","",VLOOKUP($C11,성분!$B$2:$O$51519,5,FALSE))/100*$P11 -> 78.5 | G11: =IF($C11="","",VLOOKUP($C11,성분!$B$2:$O$51519,4,FALSE))/100*$P11 -> 6.4 | H11: =IF($C11="","",VLOOKUP($C11,성분!$B$2:$O$51519,6,FALSE))/100*$P11 -> 0.4 | I11: =IF($C11="","",VLOOKUP($C11,성분!$B$2:$O$51519,7,FALSE))/100*$P11 -> 7 | J11: =IF($C11="","",VLOOKUP($C11,성분!$B$2:$O$51519,8,FALSE))/100*$P11 -> 0.5 | K11: =IF($C11="","",VLOOKUP($C11,성분!$B$2:$O$51519,9,FALSE))/100*$P11 -> 0 | L11: =IF($C11="","",VLOOKUP($C11,성분!$B$2:$O$51519,10,FALSE))/100*$P11 -> 0.12 | M11: =IF($C11="","",VLOOKUP($C11,성분!$B$2:$O$51519,11,FALSE))/100*$P11 -> 0 | N11: =IF($C11="","",VLOOKUP($C11,성분!$B$2:$O$51519,12,FALSE))/100*$P11 -> 1.4 | O11: =IF($C11="","",VLOOKUP($C11,성분!$B$2:$O$51519,13,FALSE))/100*$P11 -> 0 | P11: =D11 -> 100 | Q11: =($O$8*P11)/1000 -> 37.8 | R11: =INT(Q11) -> 37
A12: =ROW()-10 -> 2 | B12: 들깨미역국 | C12: 들깨가루 | D12: 1 | E12: =IF($C12="","",VLOOKUP($C12,성분!$B$2:$O$51519,3,FALSE))/100*P12 -> 5.4 | F12: =IF($C12="","",VLOOKUP($C12,성분!$B$2:$O$51519,5,FALSE))/100*$P12 -> 0.0377 | G12: =IF($C12="","",VLOOKUP($C12,성분!$B$2:$O$51519,4,FALSE))/100*$P12 -> 0.16 | H12: =IF($C12="","",VLOOKUP($C12,성분!$B$2:$O$51519,6,FALSE))/100*$P12 -> 0.395 | I12: =IF($C12="","",VLOOKUP($C12,성분!$B$2:$O$51519,7,FALSE))/100*$P12 -> 2.76 | J12: =IF($C12="","",VLOOKUP($C12,성분!$B$2:$O$51519,8,FALSE))/100*$P12 -> 0.075 | K12: =IF($C12="","",VLOOKUP($C12,성분!$B$2:$O$51519,9,FALSE))/100*$P12 -> 0.02 | L12: =IF($C12="","",VLOOKUP($C12,성분!$B$2:$O$51519,10,FALSE))/100*$P12 -> 0.002 | M12: =IF($C12="","",VLOOKUP($C12,성분!$B$2:$O$51519,11,FALSE))/100*$P12 -> 0.005 | N12: =IF($C12="","",VLOOKUP($C12,성분!$B$2:$O$51519,12,FALSE))/100*$P12 -> 0.06 | O12: =IF($C12="","",VLOOKUP($C12,성분!$B$2:$O$51519,13,FALSE))/100*$P12 -> 0 | P12: =D12 -> 1 | Q12: =($O$8*P12)/1000 -> 0.378 | R12: =INT(Q12) -> 0
A13: =ROW()-10 -> 3 | C13: 건미역 | D13: 3.5 | E13: =IF($C13="","",VLOOKUP($C13,성분!$B$2:$O$51519,3,FALSE))/100*P13 -> 6.65 | F13: =IF($C13="","",VLOOKUP($C13,성분!$B$2:$O$51519,5,FALSE))/100*$P13 -> 1.2705 | G13: =IF($C13="","",VLOOKUP($C13,성분!$B$2:$O$51519,4,FALSE))/100*$P13 -> 0.4725 | H13: =IF($C13="","",VLOOKUP($C13,성분!$B$2:$O$51519,6,FALSE))/100*$P13 -> 0.0315 | I13: =IF($C13="","",VLOOKUP($C13,성분!$B$2:$O$51519,7,FALSE))/100*$P13 -> 32.2 | J13: =IF($C13="","",VLOOKUP($C13,성분!$B$2:$O$51519,8,FALSE))/100*$P13 -> 0.266 | K13: =IF($C13="","",VLOOKUP($C13,성분!$B$2:$O$51519,9,FALSE))/100*$P13 -> 2.1 | L13: =IF($C13="","",VLOOKUP($C13,성분!$B$2:$O$51519,10,FALSE))/100*$P13 -> 0.00875 | M13: =IF($C13="","",VLOOKUP($C13,성분!$B$2:$O$51519,11,FALSE))/100*$P13 -> 0.03675 | N13: =IF($C13="","",VLOOKUP($C13,성분!$B$2:$O$51519,12,FALSE))/100*$P13 -> 0.28 | O13: =IF($C13="","",VLOOKUP($C13,성분!$B$2:$O$51519,13,FALSE))/100*$P13 -> 0.49 | P13: =D13 -> 3.5 | Q13: =($O$8*P13)/1000 -> 1.323 | R13: =INT(Q13) -> 1
A14: =ROW()-10 -> 4 | C14: 다시멸치 | D14: 2 | E14: =IF($C14="","",VLOOKUP($C14,성분!$B$2:$O$51519,3,FALSE))/100*P14 -> 6.06 | F14: =IF($C14="","",VLOOKUP($C14,성분!$B$2:$O$51519,5,FALSE))/100*$P14 -> 0.006 | G14: =IF($C14="","",VLOOKUP($C14,성분!$B$2:$O$51519,4,FALSE))/100*$P14 -> 0.66 | H14: =IF($C14="","",VLOOKUP($C14,성분!$B$2:$O$51519,6,FALSE))/100*$P14 -> 0.146 | I14: =IF($C14="","",VLOOKUP($C14,성분!$B$2:$O$51519,7,FALSE))/100*$P14 -> 34 | J14: =IF($C14="","",VLOOKUP($C14,성분!$B$2:$O$51519,8,FALSE))/100*$P14 -> 0.08 | K14: =IF($C14="","",VLOOKUP($C14,성분!$B$2:$O$51519,9,FALSE))/100*$P14 -> 0 | L14: =IF($C14="","",VLOOKUP($C14,성분!$B$2:$O$51519,10,FALSE))/100*$P14 -> 0.0028 | M14: =IF($C14="","",VLOOKUP($C14,성분!$B$2:$O$51519,11,FALSE))/100*$P14 -> 0.0024 | N14: =IF($C14="","",VLOOKUP($C14,성분!$B$2:$O$51519,12,FALSE))/100*$P14 -> 0.04 | O14: =IF($C14="","",VLOOKUP($C14,성분!$B$2:$O$51519,13,FALSE))/100*$P14 -> 0 | P14: =D14 -> 2 | Q14: =($O$8*P14)/1000 -> 0.756 | R14: =INT(Q14) -> 0
A15: =ROW()-10 -> 5 | C15: 건다시마 | D15: 2 | E15: =IF($C15="","",VLOOKUP($C15,성분!$B$2:$O$51519,3,FALSE))/100*P15 -> 3.78 | F15: =IF($C15="","",VLOOKUP($C15,성분!$B$2:$O$51519,5,FALSE))/100*$P15 -> 0.904 | G15: =IF($C15="","",VLOOKUP($C15,성분!$B$2:$O$51519,4,FALSE))/100*$P15 -> 0.148 | H15: =IF($C15="","",VLOOKUP($C15,성분!$B$2:$O$51519,6,FALSE))/100*$P15 -> 0.022 | I15: =IF($C15="","",VLOOKUP($C15,성분!$B$2:$O$51519,7,FALSE))/100*$P15 -> 14.16 | J15: =IF($C15="","",VLOOKUP($C15,성분!$B$2:$O$51519,8,FALSE))/100*$P15 -> 0.126 | K15: =IF($C15="","",VLOOKUP($C15,성분!$B$2:$O$51519,9,FALSE))/100*$P15 -> 1.92 | L15: =IF($C15="","",VLOOKUP($C15,성분!$B$2:$O$51519,10,FALSE))/100*$P15 -> 0.0044 | M15: =IF($C15="","",VLOOKUP($C15,성분!$B$2:$O$51519,11,FALSE))/100*$P15 -> 0.009 | N15: =IF($C15="","",VLOOKUP($C15,성분!$B$2:$O$51519,12,FALSE))/100*$P15 -> 0.09 | O15: =IF($C15="","",VLOOKUP($C15,성분!$B$2:$O$51519,13,FALSE))/100*$P15 -> 0.36 | P15: =D15 -> 2 | Q15: =($O$8*P15)/1000 -> 0.756 | R15: =INT(Q15) -> 0
A16: =ROW()-10 -> 6 | B16: 로제찜닭 | C16: 닭정육 | D16: 70 | E16: =IF($C16="","",VLOOKUP($C16,성분!$B$2:$O$51519,3,FALSE))/100*P16 -> 71.4 | F16: =IF($C16="","",VLOOKUP($C16,성분!$B$2:$O$51519,5,FALSE))/100*$P16 -> 0 | G16: =IF($C16="","",VLOOKUP($C16,성분!$B$2:$O$51519,4,FALSE))/100*$P16 -> 8.022 | H16: =IF($C16="","",VLOOKUP($C16,성분!$B$2:$O$51519,6,FALSE))/100*$P16 -> 8.953 | I16: =IF($C16="","",VLOOKUP($C16,성분!$B$2:$O$51519,7,FALSE))/100*$P16 -> 4.389 | J16: =IF($C16="","",VLOOKUP($C16,성분!$B$2:$O$51519,8,FALSE))/100*$P16 -> 0.399 | K16: =IF($C16="","",VLOOKUP($C16,성분!$B$2:$O$51519,9,FALSE))/100*$P16 -> 5.985 | L16: =IF($C16="","",VLOOKUP($C16,성분!$B$2:$O$51519,10,FALSE))/100*$P16 -> 0.035 | M16: =IF($C16="","",VLOOKUP($C16,성분!$B$2:$O$51519,11,FALSE))/100*$P16 -> 0.077 | N16: =IF($C16="","",VLOOKUP($C16,성분!$B$2:$O$51519,12,FALSE))/100*$P16 -> 0 | O16: =IF($C16="","",VLOOKUP($C16,성분!$B$2:$O$51519,13,FALSE))/100*$P16 -> 0.497 | P16: =D16 -> 70 | Q16: =($O$8*P16)/1000 -> 26.46 | R16: =INT(Q16) -> 26
A17: =ROW()-10 -> 7 | C17: 닭안심 | D17: 50 | E17: =IF($C17="","",VLOOKUP($C17,성분!$B$2:$O$51519,3,FALSE))/100*P17 -> 57.5 | F17: =IF($C17="","",VLOOKUP($C17,성분!$B$2:$O$51519,5,FALSE))/100*$P17 -> 0.05 | G17: =IF($C17="","",VLOOKUP($C17,성분!$B$2:$O$51519,4,FALSE))/100*$P17 -> 12 | H17: =IF($C17="","",VLOOKUP($C17,성분!$B$2:$O$51519,6,FALSE))/100*$P17 -> 0.7 | I17: =IF($C17="","",VLOOKUP($C17,성분!$B$2:$O$51519,7,FALSE))/100*$P17 -> 5.5 | J17: =IF($C17="","",VLOOKUP($C17,성분!$B$2:$O$51519,8,FALSE))/100*$P17 -> 0.55 | K17: =IF($C17="","",VLOOKUP($C17,성분!$B$2:$O$51519,9,FALSE))/100*$P17 -> 0 | L17: =IF($C17="","",VLOOKUP($C17,성분!$B$2:$O$51519,10,FALSE))/100*$P17 -> 0.1 | M17: =IF($C17="","",VLOOKUP($C17,성분!$B$2:$O$51519,11,FALSE))/100*$P17 -> 0.105 | N17: =IF($C17="","",VLOOKUP($C17,성분!$B$2:$O$51519,12,FALSE))/100*$P17 -> 1.45 | O17: =IF($C17="","",VLOOKUP($C17,성분!$B$2:$O$51519,13,FALSE))/100*$P17 -> 0 | P17: =D17 -> 50 | Q17: =($O$8*P17)/1000 -> 18.9 | R17: =INT(Q17) -> 18
A18: =ROW()-10 -> 8 | C18: 감자 | D18: 15 | E18: =IF($C18="","",VLOOKUP($C18,성분!$B$2:$O$51519,3,FALSE))/100*P18 -> 19.5 | F18: =IF($C18="","",VLOOKUP($C18,성분!$B$2:$O$51519,5,FALSE))/100*$P18 -> 2.1 | G18: =IF($C18="","",VLOOKUP($C18,성분!$B$2:$O$51519,4,FALSE))/100*$P18 -> 0.375 | H18: =IF($C18="","",VLOOKUP($C18,성분!$B$2:$O$51519,6,FALSE))/100*$P18 -> 0.0135 | I18: =IF($C18="","",VLOOKUP($C18,성분!$B$2:$O$51519,7,FALSE))/100*$P18 -> 0.9 | J18: =IF($C18="","",VLOOKUP($C18,성분!$B$2:$O$51519,8,FALSE))/100*$P18 -> 0.12 | K18: =IF($C18="","",VLOOKUP($C18,성분!$B$2:$O$51519,9,FALSE))/100*$P18 -> 0 | L18: =IF($C18="","",VLOOKUP($C18,성분!$B$2:$O$51519,10,FALSE))/100*$P18 -> 0.012 | M18: =IF($C18="","",VLOOKUP($C18,성분!$B$2:$O$51519,11,FALSE))/100*$P18 -> 0.0045 | N18: =IF($C18="","",VLOOKUP($C18,성분!$B$2:$O$51519,12,FALSE))/100*$P18 -> 0.195 | O18: =IF($C18="","",VLOOKUP($C18,성분!$B$2:$O$51519,13,FALSE))/100*$P18 -> 3.15 | P18: =D18 -> 15 | Q18: =($O$8*P18)/1000 -> 5.67 | R18: =INT(Q18) -> 5
A19: =ROW()-10 -> 9 | C19: 양파 | D19: 15 | E19: =IF($C19="","",VLOOKUP($C19,성분!$B$2:$O$51519,3,FALSE))/100*P19 -> 5.25 | F19: =IF($C19="","",VLOOKUP($C19,성분!$B$2:$O$51519,5,FALSE))/100*$P19 -> 1.149 | G19: =IF($C19="","",VLOOKUP($C19,성분!$B$2:$O$51519,4,FALSE))/100*$P19 -> 0.15 | H19: =IF($C19="","",VLOOKUP($C19,성분!$B$2:$O$51519,6,FALSE))/100*$P19 -> 0.0285 | I19: =IF($C19="","",VLOOKUP($C19,성분!$B$2:$O$51519,7,FALSE))/100*$P19 -> 2.25 | J19: =IF($C19="","",VLOOKUP($C19,성분!$B$2:$O$51519,8,FALSE))/100*$P19 -> 0.045 | K19: =IF($C19="","",VLOOKUP($C19,성분!$B$2:$O$51519,9,FALSE))/100*$P19 -> 0 | L19: =IF($C19="","",VLOOKUP($C19,성분!$B$2:$O$51519,10,FALSE))/100*$P19 -> 0.006 | M19: =IF($C19="","",VLOOKUP($C19,성분!$B$2:$O$51519,11,FALSE))/100*$P19 -> 0.0015 | N19: =IF($C19="","",VLOOKUP($C19,성분!$B$2:$O$51519,12,FALSE))/100*$P19 -> 0.03 | O19: =IF($C19="","",VLOOKUP($C19,성분!$B$2:$O$51519,13,FALSE))/100*$P19 -> 1.2 | P19: =D19 -> 15 | Q19: =($O$8*P19)/1000 -> 5.67 | R19: =INT(Q19) -> 5
A20: =ROW()-10 -> 10 | C20: 당근 | D20: 10 | E20: =IF($C20="","",VLOOKUP($C20,성분!$B$2:$O$51519,3,FALSE))/100*P20 -> 3.4 | F20: =IF($C20="","",VLOOKUP($C20,성분!$B$2:$O$51519,5,FALSE))/100*$P20 -> 0.703 | G20: =IF($C20="","",VLOOKUP($C20,성분!$B$2:$O$51519,4,FALSE))/100*$P20 -> 0.1 | H20: =IF($C20="","",VLOOKUP($C20,성분!$B$2:$O$51519,6,FALSE))/100*$P20 -> 0.013 | I20: =IF($C20="","",VLOOKUP($C20,성분!$B$2:$O$51519,7,FALSE))/100*$P20 -> 3.8 | J20: =IF($C20="","",VLOOKUP($C20,성분!$B$2:$O$51519,8,FALSE))/100*$P20 -> 0.07 | K20: =IF($C20="","",VLOOKUP($C20,성분!$B$2:$O$51519,9,FALSE))/100*$P20 -> 125.7 | L20: =IF($C20="","",VLOOKUP($C20,성분!$B$2:$O$51519,10,FALSE))/100*$P20 -> 0.006 | M20: =IF($C20="","",VLOOKUP($C20,성분!$B$2:$O$51519,11,FALSE))/100*$P20 -> 0.004 | N20: =IF($C20="","",VLOOKUP($C20,성분!$B$2:$O$51519,12,FALSE))/100*$P20 -> 0.08 | O20: =IF($C20="","",VLOOKUP($C20,성분!$B$2:$O$51519,13,FALSE))/100*$P20 -> 0.6 | P20: =D20 -> 10 | Q20: =($O$8*P20)/1000 -> 3.78 | R20: =INT(Q20) -> 3
A21: =ROW()-10 -> 11 | C21: 꼬마떡 | D21: 20 | E21: =IF($C21="","",VLOOKUP($C21,성분!$B$2:$O$51519,3,FALSE))/100*P21 -> 22 | F21: =IF($C21="","",VLOOKUP($C21,성분!$B$2:$O$51519,5,FALSE))/100*$P21 -> 9.5 | G21: =IF($C21="","",VLOOKUP($C21,성분!$B$2:$O$51519,4,FALSE))/100*$P21 -> 0.7 | H21: =IF($C21="","",VLOOKUP($C21,성분!$B$2:$O$51519,6,FALSE))/100*$P21 -> 0.1 | I21: =IF($C21="","",VLOOKUP($C21,성분!$B$2:$O$51519,7,FALSE))/100*$P21 -> 0.8 | J21: =IF($C21="","",VLOOKUP($C21,성분!$B$2:$O$51519,8,FALSE))/100*$P21 -> 0.2 | K21: =IF($C21="","",VLOOKUP($C21,성분!$B$2:$O$51519,9,FALSE))/100*$P21 -> 0 | L21: =IF($C21="","",VLOOKUP($C21,성분!$B$2:$O$51519,10,FALSE))/100*$P21 -> 0.004 | M21: =IF($C21="","",VLOOKUP($C21,성분!$B$2:$O$51519,11,FALSE))/100*$P21 -> 0.002 | N21: =IF($C21="","",VLOOKUP($C21,성분!$B$2:$O$51519,12,FALSE))/100*$P21 -> 0.14 | O21: =IF($C21="","",VLOOKUP($C21,성분!$B$2:$O$51519,13,FALSE))/100*$P21 -> 0 | P21: =D21 -> 20 | Q21: =($O$8*P21)/1000 -> 7.56 | R21: =INT(Q21) -> 7
A22: =ROW()-10 -> 12 | C22: 로제소스 | D22: 20 | E22: =IF($C22="","",VLOOKUP($C22,성분!$B$2:$O$51519,3,FALSE))/100*P22 -> 20 | F22: =IF($C22="","",VLOOKUP($C22,성분!$B$2:$O$51519,5,FALSE))/100*$P22 -> 2 | G22: =IF($C22="","",VLOOKUP($C22,성분!$B$2:$O$51519,4,FALSE))/100*$P22 -> 0.2 | H22: =IF($C22="","",VLOOKUP($C22,성분!$B$2:$O$51519,6,FALSE))/100*$P22 -> 1.2 | I22: =IF($C22="","",VLOOKUP($C22,성분!$B$2:$O$51519,7,FALSE))/100*$P22 -> 0 | J22: =IF($C22="","",VLOOKUP($C22,성분!$B$2:$O$51519,8,FALSE))/100*$P22 -> 0 | K22: =IF($C22="","",VLOOKUP($C22,성분!$B$2:$O$51519,9,FALSE))/100*$P22 -> 0 | L22: =IF($C22="","",VLOOKUP($C22,성분!$B$2:$O$51519,10,FALSE))/100*$P22 -> 0 | M22: =IF($C22="","",VLOOKUP($C22,성분!$B$2:$O$51519,11,FALSE))/100*$P22 -> 0 | N22: =IF($C22="","",VLOOKUP($C22,성분!$B$2:$O$51519,12,FALSE))/100*$P22 -> 0 | O22: =IF($C22="","",VLOOKUP($C22,성분!$B$2:$O$51519,13,FALSE))/100*$P22 -> 0 | P22: =D22 -> 20 | Q22: =($O$8*P22)/1000 -> 7.56 | R22: =INT(Q22) -> 7
A23: =ROW()-10 -> 13 | C23: 우유 | D23: 10 | E23: =IF($C23="","",VLOOKUP($C23,성분!$B$2:$O$51519,3,FALSE))/100*P23 -> 6 | F23: =IF($C23="","",VLOOKUP($C23,성분!$B$2:$O$51519,5,FALSE))/100*$P23 -> 0.47 | G23: =IF($C23="","",VLOOKUP($C23,성분!$B$2:$O$51519,4,FALSE))/100*$P23 -> 0.32 | H23: =IF($C23="","",VLOOKUP($C23,성분!$B$2:$O$51519,6,FALSE))/100*$P23 -> 0.32 | I23: =IF($C23="","",VLOOKUP($C23,성분!$B$2:$O$51519,7,FALSE))/100*$P23 -> 10.5 | J23: =IF($C23="","",VLOOKUP($C23,성분!$B$2:$O$51519,8,FALSE))/100*$P23 -> 0.01 | K23: =IF($C23="","",VLOOKUP($C23,성분!$B$2:$O$51519,9,FALSE))/100*$P23 -> 2.8 | L23: =IF($C23="","",VLOOKUP($C23,성분!$B$2:$O$51519,10,FALSE))/100*$P23 -> 0.004 | M23: =IF($C23="","",VLOOKUP($C23,성분!$B$2:$O$51519,11,FALSE))/100*$P23 -> 0.014 | N23: =IF($C23="","",VLOOKUP($C23,성분!$B$2:$O$51519,12,FALSE))/100*$P23 -> 0.01 | O23: =IF($C23="","",VLOOKUP($C23,성분!$B$2:$O$51519,13,FALSE))/100*$P23 -> 0.1 | P23: =D23 -> 10 | Q23: =($O$8*P23)/1000 -> 3.78 | R23: =INT(Q23) -> 3
A24: =ROW()-10 -> 14 | C24: 파마산치즈 | D24: 7 | E24: =IF($C24="","",VLOOKUP($C24,성분!$B$2:$O$51519,3,FALSE))/100*P24 -> 14.07 | F24: =IF($C24="","",VLOOKUP($C24,성분!$B$2:$O$51519,5,FALSE))/100*$P24 -> 0.287 | G24: =IF($C24="","",VLOOKUP($C24,성분!$B$2:$O$51519,4,FALSE))/100*$P24 -> 1.799 | H24: =IF($C24="","",VLOOKUP($C24,성분!$B$2:$O$51519,6,FALSE))/100*$P24 -> 1.05 | I24: =IF($C24="","",VLOOKUP($C24,성분!$B$2:$O$51519,7,FALSE))/100*$P24 -> 60.48 | J24: =IF($C24="","",VLOOKUP($C24,성분!$B$2:$O$51519,8,FALSE))/100*$P24 -> 0.021 | K24: =IF($C24="","",VLOOKUP($C24,성분!$B$2:$O$51519,9,FALSE))/100*$P24 -> 24.15 | L24: =IF($C24="","",VLOOKUP($C24,성분!$B$2:$O$51519,10,FALSE))/100*$P24 -> 0.0028 | M24: =IF($C24="","",VLOOKUP($C24,성분!$B$2:$O$51519,11,FALSE))/100*$P24 -> 0.0315 | N24: =IF($C24="","",VLOOKUP($C24,성분!$B$2:$O$51519,12,FALSE))/100*$P24 -> 0.007 | O24: =IF($C24="","",VLOOKUP($C24,성분!$B$2:$O$51519,13,FALSE))/100*$P24 -> 0 | P24: =D24 -> 7 | Q24: =($O$8*P24)/1000 -> 2.646 | R24: =INT(Q24) -> 2
A25: =ROW()-10 -> 15 | B25: 뿌링클치즈볼 | C25: 크림치즈볼 | D25: 75 | E25: =IF($C25="","",VLOOKUP($C25,성분!$B$2:$O$51519,3,FALSE))/100*P25 -> 172.5 | F25: =IF($C25="","",VLOOKUP($C25,성분!$B$2:$O$51519,5,FALSE))/100*$P25 -> 38.25 | G25: =IF($C25="","",VLOOKUP($C25,성분!$B$2:$O$51519,4,FALSE))/100*$P25 -> 4.5 | H25: =IF($C25="","",VLOOKUP($C25,성분!$B$2:$O$51519,6,FALSE))/100*$P25 -> 9 | I25: =IF($C25="","",VLOOKUP($C25,성분!$B$2:$O$51519,7,FALSE))/100*$P25 -> 81.75 | J25: =IF($C25="","",VLOOKUP($C25,성분!$B$2:$O$51519,8,FALSE))/100*$P25 -> 0.225 | K25: =IF($C25="","",VLOOKUP($C25,성분!$B$2:$O$51519,9,FALSE))/100*$P25 -> 0 | L25: =IF($C25="","",VLOOKUP($C25,성분!$B$2:$O$51519,10,FALSE))/100*$P25 -> 0 | M25: =IF($C25="","",VLOOKUP($C25,성분!$B$2:$O$51519,11,FALSE))/100*$P25 -> 0 | N25: =IF($C25="","",VLOOKUP($C25,성분!$B$2:$O$51519,12,FALSE))/100*$P25 -> 0 | O25: =IF($C25="","",VLOOKUP($C25,성분!$B$2:$O$51519,13,FALSE))/100*$P25 -> 0 | P25: =D25 -> 75 | Q25: =($O$8*P25)/1000 -> 28.35
A26: =ROW()-10 -> 16 | C26: 치즈시즈닝 | D26: 2 | E26: =IF($C26="","",VLOOKUP($C26,성분!$B$2:$O$51519,3,FALSE))/100*P26 -> 1 | F26: =IF($C26="","",VLOOKUP($C26,성분!$B$2:$O$51519,5,FALSE))/100*$P26 -> 0.88 | G26: =IF($C26="","",VLOOKUP($C26,성분!$B$2:$O$51519,4,FALSE))/100*$P26 -> 0.04 | H26: =IF($C26="","",VLOOKUP($C26,성분!$B$2:$O$51519,6,FALSE))/100*$P26 -> 0 | I26: =IF($C26="","",VLOOKUP($C26,성분!$B$2:$O$51519,7,FALSE))/100*$P26 -> 0.36 | J26: =IF($C26="","",VLOOKUP($C26,성분!$B$2:$O$51519,8,FALSE))/100*$P26 -> 0.018 | K26: =IF($C26="","",VLOOKUP($C26,성분!$B$2:$O$51519,9,FALSE))/100*$P26 -> 3.16 | L26: =IF($C26="","",VLOOKUP($C26,성분!$B$2:$O$51519,10,FALSE))/100*$P26 -> 0.0018 | M26: =IF($C26="","",VLOOKUP($C26,성분!$B$2:$O$51519,11,FALSE))/100*$P26 -> 0.0016 | N26: =IF($C26="","",VLOOKUP($C26,성분!$B$2:$O$51519,12,FALSE))/100*$P26 -> 0.026 | O26: =IF($C26="","",VLOOKUP($C26,성분!$B$2:$O$51519,13,FALSE))/100*$P26 -> 0.2 | P26: =D26 -> 2 | Q26: =($O$8*P26)/1000 -> 0.756 | R26: =INT(Q26) -> 0
A27: =ROW()-10 -> 17 | C27: 식용유 | D27: 10 | E27: =IF($C27="","",VLOOKUP($C27,성분!$B$2:$O$51519,3,FALSE))/100*P27 -> 88.4 | F27: =IF($C27="","",VLOOKUP($C27,성분!$B$2:$O$51519,5,FALSE))/100*$P27 -> 0 | G27: =IF($C27="","",VLOOKUP($C27,성분!$B$2:$O$51519,4,FALSE))/100*$P27 -> 0 | H27: =IF($C27="","",VLOOKUP($C27,성분!$B$2:$O$51519,6,FALSE))/100*$P27 -> 10 | I27: =IF($C27="","",VLOOKUP($C27,성분!$B$2:$O$51519,7,FALSE))/100*$P27 -> 0 | J27: =IF($C27="","",VLOOKUP($C27,성분!$B$2:$O$51519,8,FALSE))/100*$P27 -> 0 | K27: =IF($C27="","",VLOOKUP($C27,성분!$B$2:$O$51519,9,FALSE))/100*$P27 -> 0 | L27: =IF($C27="","",VLOOKUP($C27,성분!$B$2:$O$51519,10,FALSE))/100*$P27 -> 0 | M27: =IF($C27="","",VLOOKUP($C27,성분!$B$2:$O$51519,11,FALSE))/100*$P27 -> 0 | N27: =IF($C27="","",VLOOKUP($C27,성분!$B$2:$O$51519,12,FALSE))/100*$P27 -> 0 | O27: =IF($C27="","",VLOOKUP($C27,성분!$B$2:$O$51519,13,FALSE))/100*$P27 -> 0 | P27: =D27 -> 10 | Q27: =($O$8*P27)/1000 -> 3.78 | R27: =INT(Q27) -> 3
A28: =ROW()-10 -> 18 | B28: 참나물무침 | C28: 참나물 | D28: 35 | E28: =IF($C28="","",VLOOKUP($C28,성분!$B$2:$O$51519,3,FALSE))/100*P28 -> 10.15 | F28: =IF($C28="","",VLOOKUP($C28,성분!$B$2:$O$51519,5,FALSE))/100*$P28 -> 1.995 | G28: =IF($C28="","",VLOOKUP($C28,성분!$B$2:$O$51519,4,FALSE))/100*$P28 -> 1.085 | H28: =IF($C28="","",VLOOKUP($C28,성분!$B$2:$O$51519,6,FALSE))/100*$P28 -> 0.035 | I28: =IF($C28="","",VLOOKUP($C28,성분!$B$2:$O$51519,7,FALSE))/100*$P28 -> 16.1 | J28: =IF($C28="","",VLOOKUP($C28,성분!$B$2:$O$51519,8,FALSE))/100*$P28 -> 0.315 | K28: =IF($C28="","",VLOOKUP($C28,성분!$B$2:$O$51519,9,FALSE))/100*$P28 -> 81.9 | L28: =IF($C28="","",VLOOKUP($C28,성분!$B$2:$O$51519,10,FALSE))/100*$P28 -> 0.014 | M28: =IF($C28="","",VLOOKUP($C28,성분!$B$2:$O$51519,11,FALSE))/100*$P28 -> 0.0105 | N28: =IF($C28="","",VLOOKUP($C28,성분!$B$2:$O$51519,12,FALSE))/100*$P28 -> 0.07 | O28: =IF($C28="","",VLOOKUP($C28,성분!$B$2:$O$51519,13,FALSE))/100*$P28 -> 2.1 | P28: =D28 -> 35 | Q28: =($O$8*P28)/1000 -> 13.23 | R28: =INT(Q28) -> 13
A29: =ROW()-10 -> 19 | C29: 당근 | D29: 5 | E29: =IF($C29="","",VLOOKUP($C29,성분!$B$2:$O$51519,3,FALSE))/100*P29 -> 1.7 | F29: =IF($C29="","",VLOOKUP($C29,성분!$B$2:$O$51519,5,FALSE))/100*$P29 -> 0.3515 | G29: =IF($C29="","",VLOOKUP($C29,성분!$B$2:$O$51519,4,FALSE))/100*$P29 -> 0.05 | H29: =IF($C29="","",VLOOKUP($C29,성분!$B$2:$O$51519,6,FALSE))/100*$P29 -> 0.0065 | I29: =IF($C29="","",VLOOKUP($C29,성분!$B$2:$O$51519,7,FALSE))/100*$P29 -> 1.9 | J29: =IF($C29="","",VLOOKUP($C29,성분!$B$2:$O$51519,8,FALSE))/100*$P29 -> 0.035 | K29: =IF($C29="","",VLOOKUP($C29,성분!$B$2:$O$51519,9,FALSE))/100*$P29 -> 62.85 | L29: =IF($C29="","",VLOOKUP($C29,성분!$B$2:$O$51519,10,FALSE))/100*$P29 -> 0.003 | M29: =IF($C29="","",VLOOKUP($C29,성분!$B$2:$O$51519,11,FALSE))/100*$P29 -> 0.002 | N29: =IF($C29="","",VLOOKUP($C29,성분!$B$2:$O$51519,12,FALSE))/100*$P29 -> 0.04 | O29: =IF($C29="","",VLOOKUP($C29,성분!$B$2:$O$51519,13,FALSE))/100*$P29 -> 0.3 | P29: =D29 -> 5 | Q29: =($O$8*P29)/1000 -> 1.89 | R29: =INT(Q29) -> 1
B30: 깍두기 | C30: 깍두기 | D30: 30 | E30: =IF($C30="","",VLOOKUP($C30,성분!$B$2:$O$51519,3,FALSE))/100*P30 -> 9.9 | F30: =IF($C30="","",VLOOKUP($C30,성분!$B$2:$O$51519,5,FALSE))/100*$P30 -> 2.22 | G30: =IF($C30="","",VLOOKUP($C30,성분!$B$2:$O$51519,4,FALSE))/100*$P30 -> 0.48 | H30: =IF($C30="","",VLOOKUP($C30,성분!$B$2:$O$51519,6,FALSE))/100*$P30 -> 0.09 | I30: =IF($C30="","",VLOOKUP($C30,성분!$B$2:$O$51519,7,FALSE))/100*$P30 -> 11.1 | J30: =IF($C30="","",VLOOKUP($C30,성분!$B$2:$O$51519,8,FALSE))/100*$P30 -> 0.84 | K30: =IF($C30="","",VLOOKUP($C30,성분!$B$2:$O$51519,9,FALSE))/100*$P30 -> 11.4 | L30: =IF($C30="","",VLOOKUP($C30,성분!$B$2:$O$51519,10,FALSE))/100*$P30 -> 0.042 | M30: =IF($C30="","",VLOOKUP($C30,성분!$B$2:$O$51519,11,FALSE))/100*$P30 -> 0.015 | N30: =IF($C30="","",VLOOKUP($C30,성분!$B$2:$O$51519,12,FALSE))/100*$P30 -> 0.15 | O30: =IF($C30="","",VLOOKUP($C30,성분!$B$2:$O$51519,13,FALSE))/100*$P30 -> 5.7 | P30: =D30 -> 30 | Q30: =($O$8*P30)/1000 -> 11.34 | R30: =INT(Q30) -> 11
A31: =ROW()-10 -> 21 | B31: 트로피칼푸딩 | C31: 트로피칼푸딩 | D31: 118 | E31: =IF($C31="","",VLOOKUP($C31,성분!$B$2:$O$51519,3,FALSE))/100*P31 -> 87.91 | F31: =IF($C31="","",VLOOKUP($C31,성분!$B$2:$O$51519,5,FALSE))/100*$P31 -> 21.948 | G31: =IF($C31="","",VLOOKUP($C31,성분!$B$2:$O$51519,4,FALSE))/100*$P31 -> 0 | H31: =IF($C31="","",VLOOKUP($C31,성분!$B$2:$O$51519,6,FALSE))/100*$P31 -> 0 | I31: =IF($C31="","",VLOOKUP($C31,성분!$B$2:$O$51519,7,FALSE))/100*$P31 -> 0 | J31: =IF($C31="","",VLOOKUP($C31,성분!$B$2:$O$51519,8,FALSE))/100*$P31 -> 0 | K31: =IF($C31="","",VLOOKUP($C31,성분!$B$2:$O$51519,9,FALSE))/100*$P31 -> 0 | L31: =IF($C31="","",VLOOKUP($C31,성분!$B$2:$O$51519,10,FALSE))/100*$P31 -> 0 | M31: =IF($C31="","",VLOOKUP($C31,성분!$B$2:$O$51519,11,FALSE))/100*$P31 -> 0 | N31: =IF($C31="","",VLOOKUP($C31,성분!$B$2:$O$51519,12,FALSE))/100*$P31 -> 0 | O31: =IF($C31="","",VLOOKUP($C31,성분!$B$2:$O$51519,13,FALSE))/100*$P31 -> 0 | P31: =D31 -> 118 | Q31: =($O$8*P31)/1000 -> 44.604 | R31: =INT(Q31) -> 44
A32: 1인 기준량 | E32: =SUM(E11:E31) -> 852.57 | F32: =SUM(F11:F31) -> 162.6217 | G32: =SUM(G11:G31) -> 37.6615 | H32: =SUM(H11:H31) -> 32.504 | I32: =SUM(I11:I31) -> 289.949 | J32: =SUM(J11:J31) -> 3.895 | K32: =SUM(K11:K31) -> 321.985 | L32: =SUM(L11:L31) -> 0.36855 | ... O32: =SUM(O11:O31) -> 14.697 | P32: =D32 -> 0 | Q32: =($O$8*P32)/1000 -> 0 | R32: =INT(Q32) -> 0
A33: 급식모니터링, 대면검수 1. 맛 양호 2. 이물,이취 등 없음 3.조리상태 양호. | R33: =INT(Q33) -> 0
A34: ※식품원산지표기 | S34: =INT(R34) -> 0
A35: 쌀: 국내산 | P35: 1인 급식비 | R35: 5000
A36: 포기김치:배추(국내산) / 돼지고기(국내산) / 닭고기(국내산) / 식육가공품(국내산/외국산) | P36: 1인 식품비 | R36: =R35*0.72 -> 3600
P37: 비율 | R37: 0.72
G38: 667 | H38: 15 | I38: 300 | J38: 5.4 | K38: 234 | L38: 0.34 | M38: 0.4 | N38: 5.26 | O38: 33.4
D1348: 240

Sheet 8화
M1: 업체담당 | N1: 학교담당 | O1: 행정실장
M2: 정소예
A3: 일 자 : | C3: 45755 | E3: 석식
A6: 급식학생수 | O6: 총계
A7: 구분 | D7: 1학년 | F7: 2학년 | H7: 3학년 | K7: 합계 | M7: 교직원
A8: 심인고등학교 | D8: 181 | F8: 104 | H8: 107 | K8: =SUM(D8:J8) -> 392 | M8: 2 | O8: =SUM(K8:N8) -> 394
A9: 식 단 | D9: 콩나물밥&양념장,두부탕국,북성로불고기,바나나시리얼샐러드,배추김치,사랑해사과씨
A10: 번호 | B10: 메뉴명 | C10: 식품명 | D10: 1인량 (g) | E10: 열량 (kcal) | F10: 탄수화물 (g) | G10: 단백질 (g) | H10: 지방 (g) | I10: 칼슘 (mg) | J10: 철 (mg) | K10: VIT-A (RE) | L10: VIT-B1 (mg) | M10: VIT-B2 (mg) | N10: NIACIN (mg) | O10: VIT-C | P10: 기준량 | Q10: 총량
A11: 1 | C11: 쌀 | D11: 85 | E11: =IF($C11="","",VLOOKUP($C11,성분!$B$2:$O$51519,3,FALSE))/100*P11 -> 204 | F11: =IF($C11="","",VLOOKUP($C11,성분!$B$2:$O$51519,5,FALSE))/100*$P11 -> 66.725 | G11: =IF($C11="","",VLOOKUP($C11,성분!$B$2:$O$51519,4,FALSE))/100*$P11 -> 5.44 | H11: =IF($C11="","",VLOOKUP($C11,성분!$B$2:$O$51519,6,FALSE))/100*$P11 -> 0.34 | I11: =IF($C11="","",VLOOKUP($C11,성분!$B$2:$O$51519,7,FALSE))/100*$P11 -> 5.95 | J11: =IF($C11="","",VLOOKUP($C11,성분!$B$2:$O$51519,8,FALSE))/100*$P11 -> 0.425 | K11: =IF($C11="","",VLOOKUP($C11,성분!$B$2:$O$51519,9,FALSE))/100*$P11 -> 0 | L11: =IF($C11="","",VLOOKUP($C11,성분!$B$2:$O$51519,10,FALSE))/100*$P11 -> 0.102 | M11: =IF($C11="","",VLOOKUP($C11,성분!$B$2:$O$51519,11,FALSE))/100*$P11 -> 0 | N11: =IF($C11="","",VLOOKUP($C11,성분!$B$2:$O$51519,12,FALSE))/100*$P11 -> 1.19 | O11: =IF($C11="","",VLOOKUP($C11,성분!$B$2:$O$51519,13,FALSE))/100*$P11 -> 0 | P11: =D11 -> 85 | Q11: =($O$8*P11)/1000 -> 33.49 | R11: =INT(Q11) -> 33
A12: 2 | B12: 콩나물밥&양념장 | C12: 콩나물 | D12: 45 | E12: =IF($C12="","",VLOOKUP($C12,성분!$B$2:$O$51519,3,FALSE))/100*P12 -> 13.5 | F12: =IF($C12="","",VLOOKUP($C12,성분!$B$2:$O$51519,5,FALSE))/100*$P12 -> 0.72 | G12: =IF($C12="","",VLOOKUP($C12,성분!$B$2:$O$51519,4,FALSE))/100*$P12 -> 2.25 | H12: =IF($C12="","",VLOOKUP($C12,성분!$B$2:$O$51519,6,FALSE))/100*$P12 -> 0.135 | I12: =IF($C12="","",VLOOKUP($C12,성분!$B$2:$O$51519,7,FALSE))/100*$P12 -> 13.95 | J12: =IF($C12="","",VLOOKUP($C12,성분!$B$2:$O$51519,8,FALSE))/100*$P12 -> 0.27 | K12: =IF($C12="","",VLOOKUP($C12,성분!$B$2:$O$51519,9,FALSE))/100*$P12 -> 0 | L12: =IF($C12="","",VLOOKUP($C12,성분!$B$2:$O$51519,10,FALSE))/100*$P12 -> 0.0405 | M12: =IF($C12="","",VLOOKUP($C12,성분!$B$2:$O$51519,11,FALSE))/100*$P12 -> 0.045 | N12: =IF($C12="","",VLOOKUP($C12,성분!$B$2:$O$51519,12,FALSE))/100*$P12 -> 0.315 | O12: =IF($C12="","",VLOOKUP($C12,성분!$B$2:$O$51519,13,FALSE))/100*$P12 -> 3.6 | P12: =D12 -> 45 | Q12: =($O$8*P12)/1000 -> 17.73 | R12: =INT(Q12) -> 17
A13: 3 | C13: 당근 | D13: 10 | E13: =IF($C13="","",VLOOKUP($C13,성분!$B$2:$O$51519,3,FALSE))/100*P13 -> 3.4 | F13: =IF($C13="","",VLOOKUP($C13,성분!$B$2:$O$51519,5,FALSE))/100*$P13 -> 0.703 | G13: =IF($C13="","",VLOOKUP($C13,성분!$B$2:$O$51519,4,FALSE))/100*$P13 -> 0.1 | H13: =IF($C13="","",VLOOKUP($C13,성분!$B$2:$O$51519,6,FALSE))/100*$P13 -> 0.013 | I13: =IF($C13="","",VLOOKUP($C13,성분!$B$2:$O$51519,7,FALSE))/100*$P13 -> 3.8 | J13: =IF($C13="","",VLOOKUP($C13,성분!$B$2:$O$51519,8,FALSE))/100*$P13 -> 0.07 | K13: =IF($C13="","",VLOOKUP($C13,성분!$B$2:$O$51519,9,FALSE))/100*$P13 -> 125.7 | L13: =IF($C13="","",VLOOKUP($C13,성분!$B$2:$O$51519,10,FALSE))/100*$P13 -> 0.006 | M13: =IF($C13="","",VLOOKUP($C13,성분!$B$2:$O$51519,11,FALSE))/100*$P13 -> 0.004 | N13: =IF($C13="","",VLOOKUP($C13,성분!$B$2:$O$51519,12,FALSE))/100*$P13 -> 0.08 | O13: =IF($C13="","",VLOOKUP($C13,성분!$B$2:$O$51519,13,FALSE))/100*$P13 -> 0.6 | P13: =D13 -> 10 | Q13: =($O$8*P13)/1000 -> 3.94
A14: 4 | C14: 표고버섯 | D14: 10 | E14: =IF($C14="","",VLOOKUP($C14,성분!$B$2:$O$51519,3,FALSE))/100*P14 -> 3.8 | F14: =IF($C14="","",VLOOKUP($C14,성분!$B$2:$O$51519,5,FALSE))/100*$P14 -> 0.55 | G14: =IF($C14="","",VLOOKUP($C14,성분!$B$2:$O$51519,4,FALSE))/100*$P14 -> 0.2 | H14: =IF($C14="","",VLOOKUP($C14,성분!$B$2:$O$51519,6,FALSE))/100*$P14 -> 0.03 | I14: =IF($C14="","",VLOOKUP($C14,성분!$B$2:$O$51519,7,FALSE))/100*$P14 -> 0.4 | J14: =IF($C14="","",VLOOKUP($C14,성분!$B$2:$O$51519,8,FALSE))/100*$P14 -> 0.12 | K14: =IF($C14="","",VLOOKUP($C14,성분!$B$2:$O$51519,9,FALSE))/100*$P14 -> 0 | L14: =IF($C14="","",VLOOKUP($C14,성분!$B$2:$O$51519,10,FALSE))/100*$P14 -> 0.005 | M14: =IF($C14="","",VLOOKUP($C14,성분!$B$2:$O$51519,11,FALSE))/100*$P14 -> 0.021 | N14: =IF($C14="","",VLOOKUP($C14,성분!$B$2:$O$51519,12,FALSE))/100*$P14 -> 0.38 | O14: =IF($C14="","",VLOOKUP($C14,성분!$B$2:$O$51519,13,FALSE))/100*$P14 -> 0.5 | P14: =D14 -> 10 | Q14: =($O$8*P14)/1000 -> 3.94 | R14: =INT(Q14) -> 3
A15: 5 | C15: 상추 | D15: 5 | E15: =IF($C15="","",VLOOKUP($C15,성분!$B$2:$O$51519,3,FALSE))/100*P15 -> 0.9 | F15: =IF($C15="","",VLOOKUP($C15,성분!$B$2:$O$51519,5,FALSE))/100*$P15 -> 0.175 | G15: =IF($C15="","",VLOOKUP($C15,성분!$B$2:$O$51519,4,FALSE))/100*$P15 -> 0.06 | H15: =IF($C15="","",VLOOKUP($C15,성분!$B$2:$O$51519,6,FALSE))/100*$P15 -> 0.015 | I15: =IF($C15="","",VLOOKUP($C15,성분!$B$2:$O$51519,7,FALSE))/100*$P15 -> 2.8 | J15: =IF($C15="","",VLOOKUP($C15,성분!$B$2:$O$51519,8,FALSE))/100*$P15 -> 0.035 | K15: =IF($C15="","",VLOOKUP($C15,성분!$B$2:$O$51519,9,FALSE))/100*$P15 -> 7.75 | L15: =IF($C15="","",VLOOKUP($C15,성분!$B$2:$O$51519,10,FALSE))/100*$P15 -> 0.003 | M15: =IF($C15="","",VLOOKUP($C15,성분!$B$2:$O$51519,11,FALSE))/100*$P15 -> 0.0035 | N15: =IF($C15="","",VLOOKUP($C15,성분!$B$2:$O$51519,12,FALSE))/100*$P15 -> 0.0185 | O15: =IF($C15="","",VLOOKUP($C15,성분!$B$2:$O$51519,13,FALSE))/100*$P15 -> 0.5 | P15: =D15 -> 5 | Q15: =($O$8*P15)/1000 -> 1.97 | R15: =INT(Q15) -> 1
A16: 6 | C16: 대파 | D16: 3 | E16: =IF($C16="","",VLOOKUP($C16,성분!$B$2:$O$51519,3,FALSE))/100*P16 -> 0.78 | F16: =IF($C16="","",VLOOKUP($C16,성분!$B$2:$O$51519,5,FALSE))/100*$P16 -> 0.1338 | G16: =IF($C16="","",VLOOKUP($C16,성분!$B$2:$O$51519,4,FALSE))/100*$P16 -> 0 | H16: =IF($C16="","",VLOOKUP($C16,성분!$B$2:$O$51519,6,FALSE))/100*$P16 -> 0.0078 | I16: =IF($C16="","",VLOOKUP($C16,성분!$B$2:$O$51519,7,FALSE))/100*$P16 -> 2.43 | J16: =IF($C16="","",VLOOKUP($C16,성분!$B$2:$O$51519,8,FALSE))/100*$P16 -> 0.03 | K16: =IF($C16="","",VLOOKUP($C16,성분!$B$2:$O$51519,9,FALSE))/100*$P16 -> 3.87 | L16: =IF($C16="","",VLOOKUP($C16,성분!$B$2:$O$51519,10,FALSE))/100*$P16 -> 0.0018 | M16: =IF($C16="","",VLOOKUP($C16,성분!$B$2:$O$51519,11,FALSE))/100*$P16 -> 0.0027 | N16: =IF($C16="","",VLOOKUP($C16,성분!$B$2:$O$51519,12,FALSE))/100*$P16 -> 0.018 | O16: =IF($C16="","",VLOOKUP($C16,성분!$B$2:$O$51519,13,FALSE))/100*$P16 -> 0.63 | P16: =D16 -> 3 | Q16: =($O$8*P16)/1000 -> 1.182
A17: 7 | C17: 청고추 | D17: 2 | E17: =IF($C17="","",VLOOKUP($C17,성분!$B$2:$O$51519,3,FALSE))/100*P17 -> 0.38 | F17: =IF($C17="","",VLOOKUP($C17,성분!$B$2:$O$51519,5,FALSE))/100*$P17 -> 0.12 | G17: =IF($C17="","",VLOOKUP($C17,성분!$B$2:$O$51519,4,FALSE))/100*$P17 -> 0.032 | H17: =IF($C17="","",VLOOKUP($C17,성분!$B$2:$O$51519,6,FALSE))/100*$P17 -> 0.004 | I17: =IF($C17="","",VLOOKUP($C17,성분!$B$2:$O$51519,7,FALSE))/100*$P17 -> 0.26 | J17: =IF($C17="","",VLOOKUP($C17,성분!$B$2:$O$51519,8,FALSE))/100*$P17 -> 0.01 | K17: =IF($C17="","",VLOOKUP($C17,성분!$B$2:$O$51519,9,FALSE))/100*$P17 -> 1.04 | L17: =IF($C17="","",VLOOKUP($C17,성분!$B$2:$O$51519,10,FALSE))/100*$P17 -> 0.002 | M17: =IF($C17="","",VLOOKUP($C17,성분!$B$2:$O$51519,11,FALSE))/100*$P17 -> 0.001 | N17: =IF($C17="","",VLOOKUP($C17,성분!$B$2:$O$51519,12,FALSE))/100*$P17 -> 0.022 | O17: =IF($C17="","",VLOOKUP($C17,성분!$B$2:$O$51519,13,FALSE))/100*$P17 -> 1.44 | P17: =D17 -> 2 | Q17: =($O$8*P17)/1000 -> 0.788
A18: 8 | C18: 홍고추 | D18: 1 | E18: =IF($C18="","",VLOOKUP($C18,성분!$B$2:$O$51519,3,FALSE))/100*P18 -> 0.39 | F18: =IF($C18="","",VLOOKUP($C18,성분!$B$2:$O$51519,5,FALSE))/100*$P18 -> 0.103 | G18: =IF($C18="","",VLOOKUP($C18,성분!$B$2:$O$51519,4,FALSE))/100*$P18 -> 0.026 | H18: =IF($C18="","",VLOOKUP($C18,성분!$B$2:$O$51519,6,FALSE))/100*$P18 -> 0.017 | I18: =IF($C18="","",VLOOKUP($C18,성분!$B$2:$O$51519,7,FALSE))/100*$P18 -> 0.16 | J18: =IF($C18="","",VLOOKUP($C18,성분!$B$2:$O$51519,8,FALSE))/100*$P18 -> 0.009 | K18: =IF($C18="","",VLOOKUP($C18,성분!$B$2:$O$51519,9,FALSE))/100*$P18 -> 10.78 | L18: =IF($C18="","",VLOOKUP($C18,성분!$B$2:$O$51519,10,FALSE))/100*$P18 -> 0.0013 | M18: =IF($C18="","",VLOOKUP($C18,성분!$B$2:$O$51519,11,FALSE))/100*$P18 -> 0.0021 | N18: =IF($C18="","",VLOOKUP($C18,성분!$B$2:$O$51519,12,FALSE))/100*$P18 -> 0.021 | O18: =IF($C18="","",VLOOKUP($C18,성분!$B$2:$O$51519,13,FALSE))/100*$P18 -> 1.16 | P18: =D18 -> 1 | Q18: =($O$8*P18)/1000 -> 0.394
A19: 9 | B19: 두부탕국 | C19: 두부 | D19: 30 | E19: =IF($C19="","",VLOOKUP($C19,성분!$B$2:$O$51519,3,FALSE))/100*P19 -> 23.7 | F19: =IF($C19="","",VLOOKUP($C19,성분!$B$2:$O$51519,5,FALSE))/100*$P19 -> 1.11 | G19: =IF($C19="","",VLOOKUP($C19,성분!$B$2:$O$51519,4,FALSE))/100*$P19 -> 2.52 | H19: =IF($C19="","",VLOOKUP($C19,성분!$B$2:$O$51519,6,FALSE))/100*$P19 -> 1.05 | I19: =IF($C19="","",VLOOKUP($C19,성분!$B$2:$O$51519,7,FALSE))/100*$P19 -> 47.7 | J19: =IF($C19="","",VLOOKUP($C19,성분!$B$2:$O$51519,8,FALSE))/100*$P19 -> 0.78 | K19: =IF($C19="","",VLOOKUP($C19,성분!$B$2:$O$51519,9,FALSE))/100*$P19 -> 0 | L19: =IF($C19="","",VLOOKUP($C19,성분!$B$2:$O$51519,10,FALSE))/100*$P19 -> 0.015 | M19: =IF($C19="","",VLOOKUP($C19,성분!$B$2:$O$51519,11,FALSE))/100*$P19 -> 0.012 | N19: =IF($C19="","",VLOOKUP($C19,성분!$B$2:$O$51519,12,FALSE))/100*$P19 -> 0.21 | O19: =IF($C19="","",VLOOKUP($C19,성분!$B$2:$O$51519,13,FALSE))/100*$P19 -> 0 | P19: =D19 -> 30 | Q19: =($O$8*P19)/1000 -> 11.82
A20: 8 | C20: 무우 | D20: 40 | E20: =IF($C20="","",VLOOKUP($C20,성분!$B$2:$O$51519,3,FALSE))/100*P20 -> 7.2 | F20: =IF($C20="","",VLOOKUP($C20,성분!$B$2:$O$51519,5,FALSE))/100*$P20 -> 1.672 | G20: =IF($C20="","",VLOOKUP($C20,성분!$B$2:$O$51519,4,FALSE))/100*$P20 -> 0.32 | H20: =IF($C20="","",VLOOKUP($C20,성분!$B$2:$O$51519,6,FALSE))/100*$P20 -> 0.08 | I20: =IF($C20="","",VLOOKUP($C20,성분!$B$2:$O$51519,7,FALSE))/100*$P20 -> 10 | J20: =IF($C20="","",VLOOKUP($C20,성분!$B$2:$O$51519,8,FALSE))/100*$P20 -> 0.312 | K20: =IF($C20="","",VLOOKUP($C20,성분!$B$2:$O$51519,9,FALSE))/100*$P20 -> 6 | L20: =IF($C20="","",VLOOKUP($C20,성분!$B$2:$O$51519,10,FALSE))/100*$P20 -> 0.012 | M20: =IF($C20="","",VLOOKUP($C20,성분!$B$2:$O$51519,11,FALSE))/100*$P20 -> 0.024 | N20: =IF($C20="","",VLOOKUP($C20,성분!$B$2:$O$51519,12,FALSE))/100*$P20 -> 0.084 | O20: =IF($C20="","",VLOOKUP($C20,성분!$B$2:$O$51519,13,FALSE))/100*$P20 -> 1.28 | P20: =D20 -> 40 | Q20: =($O$8*P20)/1000 -> 15.76
A21: 9 | C21: 대파 | D21: 5 | E21: =IF($C21="","",VLOOKUP($C21,성분!$B$2:$O$51519,3,FALSE))/100*P21 -> 1.3 | F21: =IF($C21="","",VLOOKUP($C21,성분!$B$2:$O$51519,5,FALSE))/100*$P21 -> 0.223 | G21: =IF($C21="","",VLOOKUP($C21,성분!$B$2:$O$51519,4,FALSE))/100*$P21 -> 0 | H21: =IF($C21="","",VLOOKUP($C21,성분!$B$2:$O$51519,6,FALSE))/100*$P21 -> 0.013 | I21: =IF($C21="","",VLOOKUP($C21,성분!$B$2:$O$51519,7,FALSE))/100*$P21 -> 4.05 | J21: =IF($C21="","",VLOOKUP($C21,성분!$B$2:$O$51519,8,FALSE))/100*$P21 -> 0.05 | K21: =IF($C21="","",VLOOKUP($C21,성분!$B$2:$O$51519,9,FALSE))/100*$P21 -> 6.45 | L21: =IF($C21="","",VLOOKUP($C21,성분!$B$2:$O$51519,10,FALSE))/100*$P21 -> 0.003 | M21: =IF($C21="","",VLOOKUP($C21,성분!$B$2:$O$51519,11,FALSE))/100*$P21 -> 0.0045 | N21: =IF($C21="","",VLOOKUP($C21,성분!$B$2:$O$51519,12,FALSE))/100*$P21 -> 0.03 | O21: =IF($C21="","",VLOOKUP($C21,성분!$B$2:$O$51519,13,FALSE))/100*$P21 -> 1.05 | P21: =D21 -> 5 | Q21: =($O$8*P21)/1000 -> 1.97
A22: 10 | C22: 우국거리 | D22: 12 | E22: =IF($C22="","",VLOOKUP($C22,성분!$B$2:$O$51519,3,FALSE))/100*P22 -> 16.32 | F22: =IF($C22="","",VLOOKUP($C22,성분!$B$2:$O$51519,5,FALSE))/100*$P22 -> 0.024 | G22: =IF($C22="","",VLOOKUP($C22,성분!$B$2:$O$51519,4,FALSE))/100*$P22 -> 1.38 | H22: =IF($C22="","",VLOOKUP($C22,성분!$B$2:$O$51519,6,FALSE))/100*$P22 -> 1.8768 | I22: =IF($C22="","",VLOOKUP($C22,성분!$B$2:$O$51519,7,FALSE))/100*$P22 -> 1.44 | J22: =IF($C22="","",VLOOKUP($C22,성분!$B$2:$O$51519,8,FALSE))/100*$P22 -> 0.216 | K22: =IF($C22="","",VLOOKUP($C22,성분!$B$2:$O$51519,9,FALSE))/100*$P22 -> 0.48 | L22: =IF($C22="","",VLOOKUP($C22,성분!$B$2:$O$51519,10,FALSE))/100*$P22 -> 0.0108 | M22: =IF($C22="","",VLOOKUP($C22,성분!$B$2:$O$51519,11,FALSE))/100*$P22 -> 0.0096 | N22: =IF($C22="","",VLOOKUP($C22,성분!$B$2:$O$51519,12,FALSE))/100*$P22 -> 0.36 | O22: =IF($C22="","",VLOOKUP($C22,성분!$B$2:$O$51519,13,FALSE))/100*$P22 -> 0.12 | P22: =D22 -> 12 | Q22: =($O$8*P22)/1000 -> 4.728
A23: 11 | C23: 건다시마 | D23: 1 | E23: =IF($C23="","",VLOOKUP($C23,성분!$B$2:$O$51519,3,FALSE))/100*P23 -> 1.89 | F23: =IF($C23="","",VLOOKUP($C23,성분!$B$2:$O$51519,5,FALSE))/100*$P23 -> 0.452 | G23: =IF($C23="","",VLOOKUP($C23,성분!$B$2:$O$51519,4,FALSE))/100*$P23 -> 0.074 | H23: =IF($C23="","",VLOOKUP($C23,성분!$B$2:$O$51519,6,FALSE))/100*$P23 -> 0.011 | I23: =IF($C23="","",VLOOKUP($C23,성분!$B$2:$O$51519,7,FALSE))/100*$P23 -> 7.08 | J23: =IF($C23="","",VLOOKUP($C23,성분!$B$2:$O$51519,8,FALSE))/100*$P23 -> 0.063 | K23: =IF($C23="","",VLOOKUP($C23,성분!$B$2:$O$51519,9,FALSE))/100*$P23 -> 0.96 | L23: =IF($C23="","",VLOOKUP($C23,성분!$B$2:$O$51519,10,FALSE))/100*$P23 -> 0.0022 | M23: =IF($C23="","",VLOOKUP($C23,성분!$B$2:$O$51519,11,FALSE))/100*$P23 -> 0.0045 | N23: =IF($C23="","",VLOOKUP($C23,성분!$B$2:$O$51519,12,FALSE))/100*$P23 -> 0.045 | O23: =IF($C23="","",VLOOKUP($C23,성분!$B$2:$O$51519,13,FALSE))/100*$P23 -> 0.18 | P23: =D23 -> 1 | Q23: =($O$8*P23)/1000 -> 0.394
A24: 12 | C24: 다시멸치 | D24: 1 | E24: =IF($C24="","",VLOOKUP($C24,성분!$B$2:$O$51519,3,FALSE))/100*P24 -> 3.03 | F24: =IF($C24="","",VLOOKUP($C24,성분!$B$2:$O$51519,5,FALSE))/100*$P24 -> 0.003 | G24: =IF($C24="","",VLOOKUP($C24,성분!$B$2:$O$51519,4,FALSE))/100*$P24 -> 0.33 | H24: =IF($C24="","",VLOOKUP($C24,성분!$B$2:$O$51519,6,FALSE))/100*$P24 -> 0.073 | I24: =IF($C24="","",VLOOKUP($C24,성분!$B$2:$O$51519,7,FALSE))/100*$P24 -> 17 | J24: =IF($C24="","",VLOOKUP($C24,성분!$B$2:$O$51519,8,FALSE))/100*$P24 -> 0.04 | K24: =IF($C24="","",VLOOKUP($C24,성분!$B$2:$O$51519,9,FALSE))/100*$P24 -> 0 | L24: =IF($C24="","",VLOOKUP($C24,성분!$B$2:$O$51519,10,FALSE))/100*$P24 -> 0.0014 | M24: =IF($C24="","",VLOOKUP($C24,성분!$B$2:$O$51519,11,FALSE))/100*$P24 -> 0.0012 | N24: =IF($C24="","",VLOOKUP($C24,성분!$B$2:$O$51519,12,FALSE))/100*$P24 -> 0.02 | O24: =IF($C24="","",VLOOKUP($C24,성분!$B$2:$O$51519,13,FALSE))/100*$P24 -> 0 | P24: =D24 -> 1 | Q24: =($O$8*P24)/1000 -> 0.394 | R24: =INT(Q24) -> 0
A25: 11 | B25: 북성로불고기 | C25: 돈불고기 | D25: 125 | E25: =IF($C25="","",VLOOKUP($C25,성분!$B$2:$O$51519,3,FALSE))/100*P25 -> 292.5 | F25: =IF($C25="","",VLOOKUP($C25,성분!$B$2:$O$51519,5,FALSE))/100*$P25 -> 13.125 | G25: =IF($C25="","",VLOOKUP($C25,성분!$B$2:$O$51519,4,FALSE))/100*$P25 -> 9 | H25: =IF($C25="","",VLOOKUP($C25,성분!$B$2:$O$51519,6,FALSE))/100*$P25 -> 8.625 | I25: =IF($C25="","",VLOOKUP($C25,성분!$B$2:$O$51519,7,FALSE))/100*$P25 -> 1.25 | J25: =IF($C25="","",VLOOKUP($C25,성분!$B$2:$O$51519,8,FALSE))/100*$P25 -> 1.25 | K25: =IF($C25="","",VLOOKUP($C25,성분!$B$2:$O$51519,9,FALSE))/100*$P25 -> 20 | L25: =IF($C25="","",VLOOKUP($C25,성분!$B$2:$O$51519,10,FALSE))/100*$P25 -> 0.125 | M25: =IF($C25="","",VLOOKUP($C25,성분!$B$2:$O$51519,11,FALSE))/100*$P25 -> 0.1 | N25: =IF($C25="","",VLOOKUP($C25,성분!$B$2:$O$51519,12,FALSE))/100*$P25 -> 1.0875 | O25: =IF($C25="","",VLOOKUP($C25,성분!$B$2:$O$51519,13,FALSE))/100*$P25 -> 0 | P25: =D25 -> 125 | Q25: =($O$8*P25)/1000 -> 49.25
A26: 13 | C26: 양파 | D26: 30 | E26: =IF($C26="","",VLOOKUP($C26,성분!$B$2:$O$51519,3,FALSE))/100*P26 -> 10.5 | F26: =IF($C26="","",VLOOKUP($C26,성분!$B$2:$O$51519,5,FALSE))/100*$P26 -> 2.298 | G26: =IF($C26="","",VLOOKUP($C26,성분!$B$2:$O$51519,4,FALSE))/100*$P26 -> 0.3 | H26: =IF($C26="","",VLOOKUP($C26,성분!$B$2:$O$51519,6,FALSE))/100*$P26 -> 0.057 | I26: =IF($C26="","",VLOOKUP($C26,성분!$B$2:$O$51519,7,FALSE))/100*$P26 -> 4.5 | J26: =IF($C26="","",VLOOKUP($C26,성분!$B$2:$O$51519,8,FALSE))/100*$P26 -> 0.09 | K26: =IF($C26="","",VLOOKUP($C26,성분!$B$2:$O$51519,9,FALSE))/100*$P26 -> 0 | L26: =IF($C26="","",VLOOKUP($C26,성분!$B$2:$O$51519,10,FALSE))/100*$P26 -> 0.012 | M26: =IF($C26="","",VLOOKUP($C26,성분!$B$2:$O$51519,11,FALSE))/100*$P26 -> 0.003 | N26: =IF($C26="","",VLOOKUP($C26,성분!$B$2:$O$51519,12,FALSE))/100*$P26 -> 0.06 | O26: =IF($C26="","",VLOOKUP($C26,성분!$B$2:$O$51519,13,FALSE))/100*$P26 -> 2.4 | P26: =D26 -> 30 | Q26: =($O$8*P26)/1000 -> 11.82
A27: 14 | C27: 마늘 | D27: 5 | E27: =IF($C27="","",VLOOKUP($C27,성분!$B$2:$O$51519,3,FALSE))/100*P27 -> 2 | F27: =IF($C27="","",VLOOKUP($C27,성분!$B$2:$O$51519,5,FALSE))/100*$P27 -> 1.21 | G27: =IF($C27="","",VLOOKUP($C27,성분!$B$2:$O$51519,4,FALSE))/100*$P27 -> 0.175 | H27: =IF($C27="","",VLOOKUP($C27,성분!$B$2:$O$51519,6,FALSE))/100*$P27 -> 0.017 | I27: =IF($C27="","",VLOOKUP($C27,성분!$B$2:$O$51519,7,FALSE))/100*$P27 -> 1.6 | J27: =IF($C27="","",VLOOKUP($C27,성분!$B$2:$O$51519,8,FALSE))/100*$P27 -> 0.05 | K27: =IF($C27="","",VLOOKUP($C27,성분!$B$2:$O$51519,9,FALSE))/100*$P27 -> 14.1 | L27: =IF($C27="","",VLOOKUP($C27,성분!$B$2:$O$51519,10,FALSE))/100*$P27 -> 0.0065 | M27: =IF($C27="","",VLOOKUP($C27,성분!$B$2:$O$51519,11,FALSE))/100*$P27 -> 0.006 | N27: =IF($C27="","",VLOOKUP($C27,성분!$B$2:$O$51519,12,FALSE))/100*$P27 -> 0.04 | O27: =IF($C27="","",VLOOKUP($C27,성분!$B$2:$O$51519,13,FALSE))/100*$P27 -> 0.5 | P27: =D27 -> 5 | Q27: =($O$8*P27)/1000 -> 1.97
A28: 15 | C28: 대파 | D28: 5 | E28: =IF($C28="","",VLOOKUP($C28,성분!$B$2:$O$51519,3,FALSE))/100*P28 -> 1.3 | F28: =IF($C28="","",VLOOKUP($C28,성분!$B$2:$O$51519,5,FALSE))/100*$P28 -> 0.223 | G28: =IF($C28="","",VLOOKUP($C28,성분!$B$2:$O$51519,4,FALSE))/100*$P28 -> 0 | H28: =IF($C28="","",VLOOKUP($C28,성분!$B$2:$O$51519,6,FALSE))/100*$P28 -> 0.013 | I28: =IF($C28="","",VLOOKUP($C28,성분!$B$2:$O$51519,7,FALSE))/100*$P28 -> 4.05 | J28: =IF($C28="","",VLOOKUP($C28,성분!$B$2:$O$51519,8,FALSE))/100*$P28 -> 0.05 | K28: =IF($C28="","",VLOOKUP($C28,성분!$B$2:$O$51519,9,FALSE))/100*$P28 -> 6.45 | L28: =IF($C28="","",VLOOKUP($C28,성분!$B$2:$O$51519,10,FALSE))/100*$P28 -> 0.003 | M28: =IF($C28="","",VLOOKUP($C28,성분!$B$2:$O$51519,11,FALSE))/100*$P28 -> 0.0045 | N28: =IF($C28="","",VLOOKUP($C28,성분!$B$2:$O$51519,12,FALSE))/100*$P28 -> 0.03 | O28: =IF($C28="","",VLOOKUP($C28,성분!$B$2:$O$51519,13,FALSE))/100*$P28 -> 1.05 | P28: =D28 -> 5 | Q28: =($O$8*P28)/1000 -> 1.97
A29: 20 | B29: 바나나시리얼샐러드 | C29: 바나나 | D29: 80 | E29: =IF($C29="","",VLOOKUP($C29,성분!$B$2:$O$51519,3,FALSE))/100*P29 -> 74.4 | F29: =IF($C29="","",VLOOKUP($C29,성분!$B$2:$O$51519,5,FALSE))/100*$P29 -> 16.96 | G29: =IF($C29="","",VLOOKUP($C29,성분!$B$2:$O$51519,4,FALSE))/100*$P29 -> 0.96 | H29: =IF($C29="","",VLOOKUP($C29,성분!$B$2:$O$51519,6,FALSE))/100*$P29 -> 0.096 | I29: =IF($C29="","",VLOOKUP($C29,성분!$B$2:$O$51519,7,FALSE))/100*$P29 -> 5.6 | J29: =IF($C29="","",VLOOKUP($C29,성분!$B$2:$O$51519,8,FALSE))/100*$P29 -> 0.48 | K29: =IF($C29="","",VLOOKUP($C29,성분!$B$2:$O$51519,9,FALSE))/100*$P29 -> 5.6 | L29: =IF($C29="","",VLOOKUP($C29,성분!$B$2:$O$51519,10,FALSE))/100*$P29 -> 0.032 | M29: =IF($C29="","",VLOOKUP($C29,성분!$B$2:$O$51519,11,FALSE))/100*$P29 -> 0.024 | N29: =IF($C29="","",VLOOKUP($C29,성분!$B$2:$O$51519,12,FALSE))/100*$P29 -> 0.4 | O29: =IF($C29="","",VLOOKUP($C29,성분!$B$2:$O$51519,13,FALSE))/100*$P29 -> 6.4 | P29: =D29 -> 80 | Q29: =($O$8*P29)/1000 -> 31.52
A30: 21 | C30: 시리얼 | D30: 7 | E30: =IF($C30="","",VLOOKUP($C30,성분!$B$2:$O$51519,3,FALSE))/100*P30 -> 26.6 | F30: =IF($C30="","",VLOOKUP($C30,성분!$B$2:$O$51519,5,FALSE))/100*$P30 -> 6.09 | G30: =IF($C30="","",VLOOKUP($C30,성분!$B$2:$O$51519,4,FALSE))/100*$P30 -> 0.42 | H30: =IF($C30="","",VLOOKUP($C30,성분!$B$2:$O$51519,6,FALSE))/100*$P30 -> 0.07 | I30: =IF($C30="","",VLOOKUP($C30,성분!$B$2:$O$51519,7,FALSE))/100*$P30 -> 0 | J30: =IF($C30="","",VLOOKUP($C30,성분!$B$2:$O$51519,8,FALSE))/100*$P30 -> 0.28 | K30: =IF($C30="","",VLOOKUP($C30,성분!$B$2:$O$51519,9,FALSE))/100*$P30 -> 40.8331 | L30: =IF($C30="","",VLOOKUP($C30,성분!$B$2:$O$51519,10,FALSE))/100*$P30 -> 0.07 | M30: =IF($C30="","",VLOOKUP($C30,성분!$B$2:$O$51519,11,FALSE))/100*$P30 -> 0.0819 | N30: =IF($C30="","",VLOOKUP($C30,성분!$B$2:$O$51519,12,FALSE))/100*$P30 -> 0.875 | O30: =IF($C30="","",VLOOKUP($C30,성분!$B$2:$O$51519,13,FALSE))/100*$P30 -> 5.8331 | P30: =D30 -> 7 | Q30: =($O$8*P30)/1000 -> 2.758
A31: 22 | C31: 건포도 | D31: 5 | E31: =IF($C31="","",VLOOKUP($C31,성분!$B$2:$O$51519,3,FALSE))/100*P31 -> 13.7 | F31: =IF($C31="","",VLOOKUP($C31,성분!$B$2:$O$51519,5,FALSE))/100*$P31 -> 3.69 | G31: =IF($C31="","",VLOOKUP($C31,성분!$B$2:$O$51519,4,FALSE))/100*$P31 -> 0.15 | H31: =IF($C31="","",VLOOKUP($C31,성분!$B$2:$O$51519,6,FALSE))/100*$P31 -> 0.01 | I31: =IF($C31="","",VLOOKUP($C31,성분!$B$2:$O$51519,7,FALSE))/100*$P31 -> 2.9 | J31: =IF($C31="","",VLOOKUP($C31,성분!$B$2:$O$51519,8,FALSE))/100*$P31 -> 0.105 | K31: =IF($C31="","",VLOOKUP($C31,성분!$B$2:$O$51519,9,FALSE))/100*$P31 -> 0 | L31: =IF($C31="","",VLOOKUP($C31,성분!$B$2:$O$51519,10,FALSE))/100*$P31 -> 0.007 | M31: =IF($C31="","",VLOOKUP($C31,성분!$B$2:$O$51519,11,FALSE))/100*$P31 -> 0.0015 | N31: =IF($C31="","",VLOOKUP($C31,성분!$B$2:$O$51519,12,FALSE))/100*$P31 -> 0.03 | O31: =IF($C31="","",VLOOKUP($C31,성분!$B$2:$O$51519,13,FALSE))/100*$P31 -> 0 | P31: =D31 -> 5 | Q31: =($O$8*P31)/1000 -> 1.97
A32: 23 | C32: 후르츠캔 | D32: 10 | E32: =IF($C32="","",VLOOKUP($C32,성분!$B$2:$O$51519,3,FALSE))/100*P32 -> 7.9 | F32: =IF($C32="","",VLOOKUP($C32,성분!$B$2:$O$51519,5,FALSE))/100*$P32 -> 2.34 | G32: =IF($C32="","",VLOOKUP($C32,성분!$B$2:$O$51519,4,FALSE))/100*$P32 -> 0.04 | H32: =IF($C32="","",VLOOKUP($C32,성분!$B$2:$O$51519,6,FALSE))/100*$P32 -> 0.01 | I32: =IF($C32="","",VLOOKUP($C32,성분!$B$2:$O$51519,7,FALSE))/100*$P32 -> 0.6 | J32: =IF($C32="","",VLOOKUP($C32,성분!$B$2:$O$51519,8,FALSE))/100*$P32 -> 0.03 | K32: =IF($C32="","",VLOOKUP($C32,성분!$B$2:$O$51519,9,FALSE))/100*$P32 -> 0.2 | L32: =IF($C32="","",VLOOKUP($C32,성분!$B$2:$O$51519,10,FALSE))/100*$P32 -> 0.002 | M32: =IF($C32="","",VLOOKUP($C32,성분!$B$2:$O$51519,11,FALSE))/100*$P32 -> 0.002 | N32: =IF($C32="","",VLOOKUP($C32,성분!$B$2:$O$51519,12,FALSE))/100*$P32 -> 0.04 | O32: =IF($C32="","",VLOOKUP($C32,성분!$B$2:$O$51519,13,FALSE))/100*$P32 -> 0.2 | P32: =D32 -> 10 | Q32: =($O$8*P32)/1000 -> 3.94
A33: 24 | C33: 마요네즈 | D33: 3 | E33: =IF($C33="","",VLOOKUP($C33,성분!$B$2:$O$51519,3,FALSE))/100*P33 -> 21.21 | F33: =IF($C33="","",VLOOKUP($C33,성분!$B$2:$O$51519,5,FALSE))/100*$P33 -> 0.126 | G33: =IF($C33="","",VLOOKUP($C33,성분!$B$2:$O$51519,4,FALSE))/100*$P33 -> 0.018 | H33: =IF($C33="","",VLOOKUP($C33,성분!$B$2:$O$51519,6,FALSE))/100*$P33 -> 2.127 | I33: =IF($C33="","",VLOOKUP($C33,성분!$B$2:$O$51519,7,FALSE))/100*$P33 -> 0.63 | J33: =IF($C33="","",VLOOKUP($C33,성분!$B$2:$O$51519,8,FALSE))/100*$P33 -> 0.0024 | K33: =IF($C33="","",VLOOKUP($C33,성분!$B$2:$O$51519,9,FALSE))/100*$P33 -> 0.45 | L33: =IF($C33="","",VLOOKUP($C33,성분!$B$2:$O$51519,10,FALSE))/100*$P33 -> 0.0006 | M33: =IF($C33="","",VLOOKUP($C33,성분!$B$2:$O$51519,11,FALSE))/100*$P33 -> 0.0009 | N33: =IF($C33="","",VLOOKUP($C33,성분!$B$2:$O$51519,12,FALSE))/100*$P33 -> 0.003 | O33: =IF($C33="","",VLOOKUP($C33,성분!$B$2:$O$51519,13,FALSE))/100*$P33 -> 0 | P33: =D33 -> 3 | Q33: =($O$8*P33)/1000 -> 1.182
A34: 25 | B34: 배추김치 | C34: 배추김치 | D34: 30 | E34: =IF($C34="","",VLOOKUP($C34,성분!$B$2:$O$51519,3,FALSE))/100*P34 -> 15 | F34: =IF($C34="","",VLOOKUP($C34,성분!$B$2:$O$51519,5,FALSE))/100*$P34 -> 1.32 | G34: =IF($C34="","",VLOOKUP($C34,성분!$B$2:$O$51519,4,FALSE))/100*$P34 -> 0.6 | H34: =IF($C34="","",VLOOKUP($C34,성분!$B$2:$O$51519,6,FALSE))/100*$P34 -> 0.06 | I34: =IF($C34="","",VLOOKUP($C34,성분!$B$2:$O$51519,7,FALSE))/100*$P34 -> 14.1 | J34: =IF($C34="","",VLOOKUP($C34,성분!$B$2:$O$51519,8,FALSE))/100*$P34 -> 0.9 | K34: =IF($C34="","",VLOOKUP($C34,성분!$B$2:$O$51519,9,FALSE))/100*$P34 -> 14.4 | L34: =IF($C34="","",VLOOKUP($C34,성분!$B$2:$O$51519,10,FALSE))/100*$P34 -> 0.018 | M34: =IF($C34="","",VLOOKUP($C34,성분!$B$2:$O$51519,11,FALSE))/100*$P34 -> 0.018 | N34: =IF($C34="","",VLOOKUP($C34,성분!$B$2:$O$51519,12,FALSE))/100*$P34 -> 0.24 | O34: =IF($C34="","",VLOOKUP($C34,성분!$B$2:$O$51519,13,FALSE))/100*$P34 -> 4.2 | P34: =D34 -> 30 | Q34: =($O$8*P34)/1000 -> 11.82
A35: 26 | B35: 사랑해사과씨 | C35: 사랑해사과씨 | D35: 135 | E35: =IF($C35="","",VLOOKUP($C35,성분!$B$2:$O$51519,3,FALSE))/100*P35 -> 75.006 | F35: =IF($C35="","",VLOOKUP($C35,성분!$B$2:$O$51519,5,FALSE))/100*$P35 -> 17.9955 | G35: =IF($C35="","",VLOOKUP($C35,성분!$B$2:$O$51519,4,FALSE))/100*$P35 -> 0.999 | H35: =IF($C35="","",VLOOKUP($C35,성분!$B$2:$O$51519,6,FALSE))/100*$P35 -> 0 | I35: =IF($C35="","",VLOOKUP($C35,성분!$B$2:$O$51519,7,FALSE))/100*$P35 -> 14.85 | J35: =IF($C35="","",VLOOKUP($C35,성분!$B$2:$O$51519,8,FALSE))/100*$P35 -> 0 | K35: =IF($C35="","",VLOOKUP($C35,성분!$B$2:$O$51519,9,FALSE))/100*$P35 -> 0 | L35: =IF($C35="","",VLOOKUP($C35,성분!$B$2:$O$51519,10,FALSE))/100*$P35 -> 0 | M35: =IF($C35="","",VLOOKUP($C35,성분!$B$2:$O$51519,11,FALSE))/100*$P35 -> 0 | N35: =IF($C35="","",VLOOKUP($C35,성분!$B$2:$O$51519,12,FALSE))/100*$P35 -> 0 | O35: =IF($C35="","",VLOOKUP($C35,성분!$B$2:$O$51519,13,FALSE))/100*$P35 -> 0 | P35: =D35 -> 135 | Q35: =($O$8*P35)/1000 -> 53.19 | R35: =INT(Q35) -> 53
A36: 1인 기준량 | E36: =SUM(E11:E35) -> 820.706 | F36: =SUM(F11:F35) -> 138.0913 | G36: =SUM(G11:G35) -> 25.394 | H36: =SUM(H11:H35) -> 14.7506 | I36: =SUM(I11:I35) -> 167.1 | J36: =SUM(J11:J35) -> 5.6674 | K36: =SUM(K11:K35) -> 265.0631 | L36: =SUM(L11:L35) -> 0.4821 | ... O36: =SUM(O11:O35) -> 31.6431 | P36: =D36 -> 0 | Q36: =($O$8*P36)/1000 -> 0 | R36: =INT(Q36) -> 0
A37: 급식모니터링, 대면검수 1. 맛 양호 2. 이물,이취 등 없음 3.조리상태 양호. | R37: =INT(Q37) -> 0
A38: ※식품원산지표기 | S38: =INT(R38) -> 0
A39: 쌀: 국내산 | P39: 1인 급식비 | R39: 5000
A40: 포기김치:배추(국내산) / 돼지고기(국내산) / 닭고기(국내산) / 식육가공품(국내산/외국산) | P40: 1인 식품비 | R40: =R39*0.72 -> 3600
P41: 비율 | R41: 0.72
G42: 667 | H42: 15 | I42: 300 | J42: 5.4 | K42: 234 | L42: 0.34 | M42: 0.4 | N42: 5.26 | O42: 33.4
D1352: 240

Sheet 9수
M1: 업체담당 | N1: 학교담당 | O1: 행정실장
M2: 정소예
A3: 일 자 : | C3: 45756 | E3: 석식
A6: 급식학생수 | O6: 총계
A7: 구분 | D7: 1학년 | F7: 2학년 | H7: 3학년 | K7: 합계 | M7: 교직원
A8: 심인고등학교 | D8: 13 | F8: 14 | H8: 107 | K8: =SUM(D8:J8) -> 134 | M8: 2 | O8: =SUM(K8:N8) -> 136
A9: 식 단 | D9: 할맥밥,돈고츠라멘,닭바베큐조림,빨간양념꼬치어묵,배추김치,골드파인애플
A10: 번호 | B10: 메뉴명 | C10: 식품명 | D10: 1인량 (g) | E10: 열량 (kcal) | F10: 탄수화물 (g) | G10: 단백질 (g) | H10: 지방 (g) | I10: 칼슘 (mg) | J10: 철 (mg) | K10: VIT-A (RE) | L10: VIT-B1 (mg) | M10: VIT-B2 (mg) | N10: NIACIN (mg) | O10: VIT-C | P10: 기준량 | Q10: 총량
A11: 1 | B11: 할맥밥 | C11: 할맥 | D11: 4 | E11: =IF($C11="","",VLOOKUP($C11,성분!$B$2:$O$51519,3,FALSE))/100*P11 -> 13.96 | F11: =IF($C11="","",VLOOKUP($C11,성분!$B$2:$O$51519,5,FALSE))/100*$P11 -> 2.84 | G11: =IF($C11="","",VLOOKUP($C11,성분!$B$2:$O$51519,4,FALSE))/100*$P11 -> 0.392 | H11: =IF($C11="","",VLOOKUP($C11,성분!$B$2:$O$51519,6,FALSE))/100*$P11 -> 0.048 | I11: =IF($C11="","",VLOOKUP($C11,성분!$B$2:$O$51519,7,FALSE))/100*$P11 -> 0 | J11: =IF($C11="","",VLOOKUP($C11,성분!$B$2:$O$51519,8,FALSE))/100*$P11 -> 0 | K11: =IF($C11="","",VLOOKUP($C11,성분!$B$2:$O$51519,9,FALSE))/100*$P11 -> 0 | L11: =IF($C11="","",VLOOKUP($C11,성분!$B$2:$O$51519,10,FALSE))/100*$P11 -> 0.0088 | M11: =IF($C11="","",VLOOKUP($C11,성분!$B$2:$O$51519,11,FALSE))/100*$P11 -> 0.0036 | N11: =IF($C11="","",VLOOKUP($C11,성분!$B$2:$O$51519,12,FALSE))/100*$P11 -> 0 | O11: =IF($C11="","",VLOOKUP($C11,성분!$B$2:$O$51519,13,FALSE))/100*$P11 -> 0 | P11: =D11 -> 4 | Q11: =($O$8*P11)/1000 -> 0.544 | R11: =INT(Q11) -> 0
A12: 2 | C12: 쌀 | D12: 100 | E12: =IF($C12="","",VLOOKUP($C12,성분!$B$2:$O$51519,3,FALSE))/100*P12 -> 240 | F12: =IF($C12="","",VLOOKUP($C12,성분!$B$2:$O$51519,5,FALSE))/100*$P12 -> 78.5 | G12: =IF($C12="","",VLOOKUP($C12,성분!$B$2:$O$51519,4,FALSE))/100*$P12 -> 6.4 | H12: =IF($C12="","",VLOOKUP($C12,성분!$B$2:$O$51519,6,FALSE))/100*$P12 -> 0.4 | I12: =IF($C12="","",VLOOKUP($C12,성분!$B$2:$O$51519,7,FALSE))/100*$P12 -> 7 | J12: =IF($C12="","",VLOOKUP($C12,성분!$B$2:$O$51519,8,FALSE))/100*$P12 -> 0.5 | K12: =IF($C12="","",VLOOKUP($C12,성분!$B$2:$O$51519,9,FALSE))/100*$P12 -> 0 | L12: =IF($C12="","",VLOOKUP($C12,성분!$B$2:$O$51519,10,FALSE))/100*$P12 -> 0.12 | M12: =IF($C12="","",VLOOKUP($C12,성분!$B$2:$O$51519,11,FALSE))/100*$P12 -> 0 | N12: =IF($C12="","",VLOOKUP($C12,성분!$B$2:$O$51519,12,FALSE))/100*$P12 -> 1.4 | O12: =IF($C12="","",VLOOKUP($C12,성분!$B$2:$O$51519,13,FALSE))/100*$P12 -> 0 | P12: =D12 -> 100 | Q12: =($O$8*P12)/1000 -> 13.6 | R12: =INT(Q12) -> 13
A13: 2 | B13: 돈고츠라멘 | C13: 생라면 | D13: 100 | E13: =IF($C13="","",VLOOKUP($C13,성분!$B$2:$O$51519,3,FALSE))/100*P13 -> 163 | F13: =IF($C13="","",VLOOKUP($C13,성분!$B$2:$O$51519,5,FALSE))/100*$P13 -> 35 | G13: =IF($C13="","",VLOOKUP($C13,성분!$B$2:$O$51519,4,FALSE))/100*$P13 -> 4.5 | H13: =IF($C13="","",VLOOKUP($C13,성분!$B$2:$O$51519,6,FALSE))/100*$P13 -> 0.6 | I13: =IF($C13="","",VLOOKUP($C13,성분!$B$2:$O$51519,7,FALSE))/100*$P13 -> 0 | J13: =IF($C13="","",VLOOKUP($C13,성분!$B$2:$O$51519,8,FALSE))/100*$P13 -> 0 | K13: =IF($C13="","",VLOOKUP($C13,성분!$B$2:$O$51519,9,FALSE))/100*$P13 -> 0 | L13: =IF($C13="","",VLOOKUP($C13,성분!$B$2:$O$51519,10,FALSE))/100*$P13 -> 0 | M13: =IF($C13="","",VLOOKUP($C13,성분!$B$2:$O$51519,11,FALSE))/100*$P13 -> 0 | N13: =IF($C13="","",VLOOKUP($C13,성분!$B$2:$O$51519,12,FALSE))/100*$P13 -> 0 | O13: =IF($C13="","",VLOOKUP($C13,성분!$B$2:$O$51519,13,FALSE))/100*$P13 -> 0 | P13: =D13 -> 100 | Q13: =($O$8*P13)/1000 -> 13.6 | R13: =INT(Q13) -> 13
A14: 3 | C14: 돈후지 | D14: 60 | E14: =IF($C14="","",VLOOKUP($C14,성분!$B$2:$O$51519,3,FALSE))/100*P14 -> 73.8 | F14: =IF($C14="","",VLOOKUP($C14,성분!$B$2:$O$51519,5,FALSE))/100*$P14 -> 0 | G14: =IF($C14="","",VLOOKUP($C14,성분!$B$2:$O$51519,4,FALSE))/100*$P14 -> 4.32 | H14: =IF($C14="","",VLOOKUP($C14,성분!$B$2:$O$51519,6,FALSE))/100*$P14 -> 9.9 | I14: =IF($C14="","",VLOOKUP($C14,성분!$B$2:$O$51519,7,FALSE))/100*$P14 -> 0.6 | J14: =IF($C14="","",VLOOKUP($C14,성분!$B$2:$O$51519,8,FALSE))/100*$P14 -> 0.6 | K14: =IF($C14="","",VLOOKUP($C14,성분!$B$2:$O$51519,9,FALSE))/100*$P14 -> 9.6 | L14: =IF($C14="","",VLOOKUP($C14,성분!$B$2:$O$51519,10,FALSE))/100*$P14 -> 0.06 | M14: =IF($C14="","",VLOOKUP($C14,성분!$B$2:$O$51519,11,FALSE))/100*$P14 -> 0.048 | N14: =IF($C14="","",VLOOKUP($C14,성분!$B$2:$O$51519,12,FALSE))/100*$P14 -> 0.522 | O14: =IF($C14="","",VLOOKUP($C14,성분!$B$2:$O$51519,13,FALSE))/100*$P14 -> 0 | P14: =D14 -> 60 | Q14: =($O$8*P14)/1000 -> 8.16
A15: 4 | C15: 숙주 | D15: 20 | E15: =IF($C15="","",VLOOKUP($C15,성분!$B$2:$O$51519,3,FALSE))/100*P15 -> 2.2 | F15: =IF($C15="","",VLOOKUP($C15,성분!$B$2:$O$51519,5,FALSE))/100*$P15 -> 0.26 | G15: =IF($C15="","",VLOOKUP($C15,성분!$B$2:$O$51519,4,FALSE))/100*$P15 -> 0.44 | H15: =IF($C15="","",VLOOKUP($C15,성분!$B$2:$O$51519,6,FALSE))/100*$P15 -> 0.02 | I15: =IF($C15="","",VLOOKUP($C15,성분!$B$2:$O$51519,7,FALSE))/100*$P15 -> 3 | J15: =IF($C15="","",VLOOKUP($C15,성분!$B$2:$O$51519,8,FALSE))/100*$P15 -> 0.12 | K15: =IF($C15="","",VLOOKUP($C15,성분!$B$2:$O$51519,9,FALSE))/100*$P15 -> 0.8 | L15: =IF($C15="","",VLOOKUP($C15,성분!$B$2:$O$51519,10,FALSE))/100*$P15 -> 0.008 | M15: =IF($C15="","",VLOOKUP($C15,성분!$B$2:$O$51519,11,FALSE))/100*$P15 -> 0.01 | N15: =IF($C15="","",VLOOKUP($C15,성분!$B$2:$O$51519,12,FALSE))/100*$P15 -> 0.1 | O15: =IF($C15="","",VLOOKUP($C15,성분!$B$2:$O$51519,13,FALSE))/100*$P15 -> 2 | P15: =D15 -> 20 | Q15: =($O$8*P15)/1000 -> 2.72 | R15: =INT(Q15) -> 2
A16: 5 | C16: 양파 | D16: 15 | E16: =IF($C16="","",VLOOKUP($C16,성분!$B$2:$O$51519,3,FALSE))/100*P16 -> 5.25 | F16: =IF($C16="","",VLOOKUP($C16,성분!$B$2:$O$51519,5,FALSE))/100*$P16 -> 1.149 | G16: =IF($C16="","",VLOOKUP($C16,성분!$B$2:$O$51519,4,FALSE))/100*$P16 -> 0.15 | H16: =IF($C16="","",VLOOKUP($C16,성분!$B$2:$O$51519,6,FALSE))/100*$P16 -> 0.0285 | I16: =IF($C16="","",VLOOKUP($C16,성분!$B$2:$O$51519,7,FALSE))/100*$P16 -> 2.25 | J16: =IF($C16="","",VLOOKUP($C16,성분!$B$2:$O$51519,8,FALSE))/100*$P16 -> 0.045 | K16: =IF($C16="","",VLOOKUP($C16,성분!$B$2:$O$51519,9,FALSE))/100*$P16 -> 0 | L16: =IF($C16="","",VLOOKUP($C16,성분!$B$2:$O$51519,10,FALSE))/100*$P16 -> 0.006 | M16: =IF($C16="","",VLOOKUP($C16,성분!$B$2:$O$51519,11,FALSE))/100*$P16 -> 0.0015 | N16: =IF($C16="","",VLOOKUP($C16,성분!$B$2:$O$51519,12,FALSE))/100*$P16 -> 0.03 | O16: =IF($C16="","",VLOOKUP($C16,성분!$B$2:$O$51519,13,FALSE))/100*$P16 -> 1.2 | P16: =D16 -> 15 | Q16: =($O$8*P16)/1000 -> 2.04 | R16: =INT(Q16) -> 2
A17: 6 | C17: 대파 | D17: 10 | E17: =IF($C17="","",VLOOKUP($C17,성분!$B$2:$O$51519,3,FALSE))/100*P17 -> 2.6 | F17: =IF($C17="","",VLOOKUP($C17,성분!$B$2:$O$51519,5,FALSE))/100*$P17 -> 0.446 | G17: =IF($C17="","",VLOOKUP($C17,성분!$B$2:$O$51519,4,FALSE))/100*$P17 -> 0 | H17: =IF($C17="","",VLOOKUP($C17,성분!$B$2:$O$51519,6,FALSE))/100*$P17 -> 0.026 | I17: =IF($C17="","",VLOOKUP($C17,성분!$B$2:$O$51519,7,FALSE))/100*$P17 -> 8.1 | J17: =IF($C17="","",VLOOKUP($C17,성분!$B$2:$O$51519,8,FALSE))/100*$P17 -> 0.1 | K17: =IF($C17="","",VLOOKUP($C17,성분!$B$2:$O$51519,9,FALSE))/100*$P17 -> 12.9 | L17: =IF($C17="","",VLOOKUP($C17,성분!$B$2:$O$51519,10,FALSE))/100*$P17 -> 0.006 | M17: =IF($C17="","",VLOOKUP($C17,성분!$B$2:$O$51519,11,FALSE))/100*$P17 -> 0.009 | N17: =IF($C17="","",VLOOKUP($C17,성분!$B$2:$O$51519,12,FALSE))/100*$P17 -> 0.06 | O17: =IF($C17="","",VLOOKUP($C17,성분!$B$2:$O$51519,13,FALSE))/100*$P17 -> 2.1 | P17: =D17 -> 10 | Q17: =($O$8*P17)/1000 -> 1.36
A18: 7 | C18: 라멘소스 | D18: 20 | E18: =IF($C18="","",VLOOKUP($C18,성분!$B$2:$O$51519,3,FALSE))/100*P18 -> 46.2 | F18: =IF($C18="","",VLOOKUP($C18,성분!$B$2:$O$51519,5,FALSE))/100*$P18 -> 1.56 | G18: =IF($C18="","",VLOOKUP($C18,성분!$B$2:$O$51519,4,FALSE))/100*$P18 -> 2.74 | H18: =IF($C18="","",VLOOKUP($C18,성분!$B$2:$O$51519,6,FALSE))/100*$P18 -> 3.22 | I18: =IF($C18="","",VLOOKUP($C18,성분!$B$2:$O$51519,7,FALSE))/100*$P18 -> 0 | J18: =IF($C18="","",VLOOKUP($C18,성분!$B$2:$O$51519,8,FALSE))/100*$P18 -> 0 | K18: =IF($C18="","",VLOOKUP($C18,성분!$B$2:$O$51519,9,FALSE))/100*$P18 -> 0 | L18: =IF($C18="","",VLOOKUP($C18,성분!$B$2:$O$51519,10,FALSE))/100*$P18 -> 0 | M18: =IF($C18="","",VLOOKUP($C18,성분!$B$2:$O$51519,11,FALSE))/100*$P18 -> 0 | N18: =IF($C18="","",VLOOKUP($C18,성분!$B$2:$O$51519,12,FALSE))/100*$P18 -> 0 | O18: =IF($C18="","",VLOOKUP($C18,성분!$B$2:$O$51519,13,FALSE))/100*$P18 -> 0 | P18: =D18 -> 20 | Q18: =($O$8*P18)/1000 -> 2.72
A19: 8 | B19: 닭바베큐조림 | C19: 닭정육 | D19: 70 | E19: =IF($C19="","",VLOOKUP($C19,성분!$B$2:$O$51519,3,FALSE))/100*P19 -> 71.4 | F19: =IF($C19="","",VLOOKUP($C19,성분!$B$2:$O$51519,5,FALSE))/100*$P19 -> 0 | G19: =IF($C19="","",VLOOKUP($C19,성분!$B$2:$O$51519,4,FALSE))/100*$P19 -> 8.022 | H19: =IF($C19="","",VLOOKUP($C19,성분!$B$2:$O$51519,6,FALSE))/100*$P19 -> 8.953 | I19: =IF($C19="","",VLOOKUP($C19,성분!$B$2:$O$51519,7,FALSE))/100*$P19 -> 4.389 | J19: =IF($C19="","",VLOOKUP($C19,성분!$B$2:$O$51519,8,FALSE))/100*$P19 -> 0.399 | K19: =IF($C19="","",VLOOKUP($C19,성분!$B$2:$O$51519,9,FALSE))/100*$P19 -> 5.985 | L19: =IF($C19="","",VLOOKUP($C19,성분!$B$2:$O$51519,10,FALSE))/100*$P19 -> 0.035 | M19: =IF($C19="","",VLOOKUP($C19,성분!$B$2:$O$51519,11,FALSE))/100*$P19 -> 0.077 | N19: =IF($C19="","",VLOOKUP($C19,성분!$B$2:$O$51519,12,FALSE))/100*$P19 -> 0 | O19: =IF($C19="","",VLOOKUP($C19,성분!$B$2:$O$51519,13,FALSE))/100*$P19 -> 0.497 | P19: =D19 -> 70 | Q19: =($O$8*P19)/1000 -> 9.52
A20: 9 | C20: 닭안심 | D20: 55 | E20: =IF($C20="","",VLOOKUP($C20,성분!$B$2:$O$51519,3,FALSE))/100*P20 -> 63.25 | F20: =IF($C20="","",VLOOKUP($C20,성분!$B$2:$O$51519,5,FALSE))/100*$P20 -> 0.055 | G20: =IF($C20="","",VLOOKUP($C20,성분!$B$2:$O$51519,4,FALSE))/100*$P20 -> 13.2 | H20: =IF($C20="","",VLOOKUP($C20,성분!$B$2:$O$51519,6,FALSE))/100*$P20 -> 0.77 | I20: =IF($C20="","",VLOOKUP($C20,성분!$B$2:$O$51519,7,FALSE))/100*$P20 -> 6.05 | J20: =IF($C20="","",VLOOKUP($C20,성분!$B$2:$O$51519,8,FALSE))/100*$P20 -> 0.605 | K20: =IF($C20="","",VLOOKUP($C20,성분!$B$2:$O$51519,9,FALSE))/100*$P20 -> 0 | L20: =IF($C20="","",VLOOKUP($C20,성분!$B$2:$O$51519,10,FALSE))/100*$P20 -> 0.11 | M20: =IF($C20="","",VLOOKUP($C20,성분!$B$2:$O$51519,11,FALSE))/100*$P20 -> 0.1155 | N20: =IF($C20="","",VLOOKUP($C20,성분!$B$2:$O$51519,12,FALSE))/100*$P20 -> 1.595 | O20: =IF($C20="","",VLOOKUP($C20,성분!$B$2:$O$51519,13,FALSE))/100*$P20 -> 0 | P20: =D20 -> 55 | Q20: =($O$8*P20)/1000 -> 7.48
A21: 9 | C21: 감자 | D21: 20 | E21: =IF($C21="","",VLOOKUP($C21,성분!$B$2:$O$51519,3,FALSE))/100*P21 -> 26 | F21: =IF($C21="","",VLOOKUP($C21,성분!$B$2:$O$51519,5,FALSE))/100*$P21 -> 2.8 | G21: =IF($C21="","",VLOOKUP($C21,성분!$B$2:$O$51519,4,FALSE))/100*$P21 -> 0.5 | H21: =IF($C21="","",VLOOKUP($C21,성분!$B$2:$O$51519,6,FALSE))/100*$P21 -> 0.018 | I21: =IF($C21="","",VLOOKUP($C21,성분!$B$2:$O$51519,7,FALSE))/100*$P21 -> 1.2 | J21: =IF($C21="","",VLOOKUP($C21,성분!$B$2:$O$51519,8,FALSE))/100*$P21 -> 0.16 | K21: =IF($C21="","",VLOOKUP($C21,성분!$B$2:$O$51519,9,FALSE))/100*$P21 -> 0 | L21: =IF($C21="","",VLOOKUP($C21,성분!$B$2:$O$51519,10,FALSE))/100*$P21 -> 0.016 | M21: =IF($C21="","",VLOOKUP($C21,성분!$B$2:$O$51519,11,FALSE))/100*$P21 -> 0.006 | N21: =IF($C21="","",VLOOKUP($C21,성분!$B$2:$O$51519,12,FALSE))/100*$P21 -> 0.26 | O21: =IF($C21="","",VLOOKUP($C21,성분!$B$2:$O$51519,13,FALSE))/100*$P21 -> 4.2 | P21: =D21 -> 20 | Q21: =($O$8*P21)/1000 -> 2.72
A22: 8 | C22: 양파 | D22: 15 | E22: =IF($C22="","",VLOOKUP($C22,성분!$B$2:$O$51519,3,FALSE))/100*P22 -> 5.25 | F22: =IF($C22="","",VLOOKUP($C22,성분!$B$2:$O$51519,5,FALSE))/100*$P22 -> 1.149 | G22: =IF($C22="","",VLOOKUP($C22,성분!$B$2:$O$51519,4,FALSE))/100*$P22 -> 0.15 | H22: =IF($C22="","",VLOOKUP($C22,성분!$B$2:$O$51519,6,FALSE))/100*$P22 -> 0.0285 | I22: =IF($C22="","",VLOOKUP($C22,성분!$B$2:$O$51519,7,FALSE))/100*$P22 -> 2.25 | J22: =IF($C22="","",VLOOKUP($C22,성분!$B$2:$O$51519,8,FALSE))/100*$P22 -> 0.045 | K22: =IF($C22="","",VLOOKUP($C22,성분!$B$2:$O$51519,9,FALSE))/100*$P22 -> 0 | L22: =IF($C22="","",VLOOKUP($C22,성분!$B$2:$O$51519,10,FALSE))/100*$P22 -> 0.006 | M22: =IF($C22="","",VLOOKUP($C22,성분!$B$2:$O$51519,11,FALSE))/100*$P22 -> 0.0015 | N22: =IF($C22="","",VLOOKUP($C22,성분!$B$2:$O$51519,12,FALSE))/100*$P22 -> 0.03 | O22: =IF($C22="","",VLOOKUP($C22,성분!$B$2:$O$51519,13,FALSE))/100*$P22 -> 1.2 | P22: =D22 -> 15 | Q22: =($O$8*P22)/1000 -> 2.04
A23: 9 | C23: 당근 | D23: 10 | E23: =IF($C23="","",VLOOKUP($C23,성분!$B$2:$O$51519,3,FALSE))/100*P23 -> 3.4 | F23: =IF($C23="","",VLOOKUP($C23,성분!$B$2:$O$51519,5,FALSE))/100*$P23 -> 0.703 | G23: =IF($C23="","",VLOOKUP($C23,성분!$B$2:$O$51519,4,FALSE))/100*$P23 -> 0.1 | H23: =IF($C23="","",VLOOKUP($C23,성분!$B$2:$O$51519,6,FALSE))/100*$P23 -> 0.013 | I23: =IF($C23="","",VLOOKUP($C23,성분!$B$2:$O$51519,7,FALSE))/100*$P23 -> 3.8 | J23: =IF($C23="","",VLOOKUP($C23,성분!$B$2:$O$51519,8,FALSE))/100*$P23 -> 0.07 | K23: =IF($C23="","",VLOOKUP($C23,성분!$B$2:$O$51519,9,FALSE))/100*$P23 -> 125.7 | L23: =IF($C23="","",VLOOKUP($C23,성분!$B$2:$O$51519,10,FALSE))/100*$P23 -> 0.006 | M23: =IF($C23="","",VLOOKUP($C23,성분!$B$2:$O$51519,11,FALSE))/100*$P23 -> 0.004 | N23: =IF($C23="","",VLOOKUP($C23,성분!$B$2:$O$51519,12,FALSE))/100*$P23 -> 0.08 | O23: =IF($C23="","",VLOOKUP($C23,성분!$B$2:$O$51519,13,FALSE))/100*$P23 -> 0.6 | P23: =D23 -> 10 | Q23: =($O$8*P23)/1000 -> 1.36
A24: 10 | C24: 청피망 | D24: 7 | E24: =IF($C24="","",VLOOKUP($C24,성분!$B$2:$O$51519,3,FALSE))/100*P24 -> 1.19 | F24: =IF($C24="","",VLOOKUP($C24,성분!$B$2:$O$51519,5,FALSE))/100*$P24 -> 0.2226 | G24: =IF($C24="","",VLOOKUP($C24,성분!$B$2:$O$51519,4,FALSE))/100*$P24 -> 0 | H24: =IF($C24="","",VLOOKUP($C24,성분!$B$2:$O$51519,6,FALSE))/100*$P24 -> 0.0098 | I24: =IF($C24="","",VLOOKUP($C24,성분!$B$2:$O$51519,7,FALSE))/100*$P24 -> 0.7 | J24: =IF($C24="","",VLOOKUP($C24,성분!$B$2:$O$51519,8,FALSE))/100*$P24 -> 0.035 | K24: =IF($C24="","",VLOOKUP($C24,성분!$B$2:$O$51519,9,FALSE))/100*$P24 -> 4.48 | L24: =IF($C24="","",VLOOKUP($C24,성분!$B$2:$O$51519,10,FALSE))/100*$P24 -> 0.0021 | M24: =IF($C24="","",VLOOKUP($C24,성분!$B$2:$O$51519,11,FALSE))/100*$P24 -> 0.0049 | N24: =IF($C24="","",VLOOKUP($C24,성분!$B$2:$O$51519,12,FALSE))/100*$P24 -> 0.049 | O24: =IF($C24="","",VLOOKUP($C24,성분!$B$2:$O$51519,13,FALSE))/100*$P24 -> 3.71 | P24: =D24 -> 7 | Q24: =($O$8*P24)/1000 -> 0.952
A25: 11 | C25: 바베큐소스 | D25: 5 | E25: =IF($C25="","",VLOOKUP($C25,성분!$B$2:$O$51519,3,FALSE))/100*P25 -> 5.678 | F25: =IF($C25="","",VLOOKUP($C25,성분!$B$2:$O$51519,5,FALSE))/100*$P25 -> 0 | G25: =IF($C25="","",VLOOKUP($C25,성분!$B$2:$O$51519,4,FALSE))/100*$P25 -> 0 | H25: =IF($C25="","",VLOOKUP($C25,성분!$B$2:$O$51519,6,FALSE))/100*$P25 -> 0 | I25: =IF($C25="","",VLOOKUP($C25,성분!$B$2:$O$51519,7,FALSE))/100*$P25 -> 0 | J25: =IF($C25="","",VLOOKUP($C25,성분!$B$2:$O$51519,8,FALSE))/100*$P25 -> 0 | K25: =IF($C25="","",VLOOKUP($C25,성분!$B$2:$O$51519,9,FALSE))/100*$P25 -> 0 | L25: =IF($C25="","",VLOOKUP($C25,성분!$B$2:$O$51519,10,FALSE))/100*$P25 -> 0 | M25: =IF($C25="","",VLOOKUP($C25,성분!$B$2:$O$51519,11,FALSE))/100*$P25 -> 0 | N25: =IF($C25="","",VLOOKUP($C25,성분!$B$2:$O$51519,12,FALSE))/100*$P25 -> 0 | O25: =IF($C25="","",VLOOKUP($C25,성분!$B$2:$O$51519,13,FALSE))/100*$P25 -> 0 | P25: =D25 -> 5 | Q25: =($O$8*P25)/1000 -> 0.68
A26: 12 | C26: 스테이크소스 | D26: 10 | E26: =IF($C26="","",VLOOKUP($C26,성분!$B$2:$O$51519,3,FALSE))/100*P26 -> 11.9 | F26: =IF($C26="","",VLOOKUP($C26,성분!$B$2:$O$51519,5,FALSE))/100*$P26 -> 2.85 | G26: =IF($C26="","",VLOOKUP($C26,성분!$B$2:$O$51519,4,FALSE))/100*$P26 -> 0.11 | H26: =IF($C26="","",VLOOKUP($C26,성분!$B$2:$O$51519,6,FALSE))/100*$P26 -> 0.64 | I26: =IF($C26="","",VLOOKUP($C26,성분!$B$2:$O$51519,7,FALSE))/100*$P26 -> 0 | J26: =IF($C26="","",VLOOKUP($C26,성분!$B$2:$O$51519,8,FALSE))/100*$P26 -> 0 | K26: =IF($C26="","",VLOOKUP($C26,성분!$B$2:$O$51519,9,FALSE))/100*$P26 -> 0 | L26: =IF($C26="","",VLOOKUP($C26,성분!$B$2:$O$51519,10,FALSE))/100*$P26 -> 0 | M26: =IF($C26="","",VLOOKUP($C26,성분!$B$2:$O$51519,11,FALSE))/100*$P26 -> 0 | N26: =IF($C26="","",VLOOKUP($C26,성분!$B$2:$O$51519,12,FALSE))/100*$P26 -> 0 | O26: =IF($C26="","",VLOOKUP($C26,성분!$B$2:$O$51519,13,FALSE))/100*$P26 -> 0 | P26: =D26 -> 10 | Q26: =($O$8*P26)/1000 -> 1.36 | R26: =INT(Q26) -> 1
A27: 11 | B27: 빨간양념꼬치어묵 | C27: 꼬지어묵 | D27: 32 | E27: =IF($C27="","",VLOOKUP($C27,성분!$B$2:$O$51519,3,FALSE))/100*P27 -> 48 | F27: =IF($C27="","",VLOOKUP($C27,성분!$B$2:$O$51519,5,FALSE))/100*$P27 -> 3.968 | G27: =IF($C27="","",VLOOKUP($C27,성분!$B$2:$O$51519,4,FALSE))/100*$P27 -> 4.16 | H27: =IF($C27="","",VLOOKUP($C27,성분!$B$2:$O$51519,6,FALSE))/100*$P27 -> 0.0608 | I27: =IF($C27="","",VLOOKUP($C27,성분!$B$2:$O$51519,7,FALSE))/100*$P27 -> 13.44 | J27: =IF($C27="","",VLOOKUP($C27,성분!$B$2:$O$51519,8,FALSE))/100*$P27 -> 0.96 | K27: =IF($C27="","",VLOOKUP($C27,성분!$B$2:$O$51519,9,FALSE))/100*$P27 -> 0 | L27: =IF($C27="","",VLOOKUP($C27,성분!$B$2:$O$51519,10,FALSE))/100*$P27 -> 0.0064 | M27: =IF($C27="","",VLOOKUP($C27,성분!$B$2:$O$51519,11,FALSE))/100*$P27 -> 0.0224 | N27: =IF($C27="","",VLOOKUP($C27,성분!$B$2:$O$51519,12,FALSE))/100*$P27 -> 0.416 | O27: =IF($C27="","",VLOOKUP($C27,성분!$B$2:$O$51519,13,FALSE))/100*$P27 -> 0 | P27: =D27 -> 32 | Q27: =($O$8*P27)/1000 -> 4.352
A28: 13 | C28: 불닭소스 | D28: 5 | E28: =IF($C28="","",VLOOKUP($C28,성분!$B$2:$O$51519,3,FALSE))/100*P28 -> 2.3 | F28: =IF($C28="","",VLOOKUP($C28,성분!$B$2:$O$51519,5,FALSE))/100*$P28 -> 2.2 | G28: =IF($C28="","",VLOOKUP($C28,성분!$B$2:$O$51519,4,FALSE))/100*$P28 -> 0.1 | H28: =IF($C28="","",VLOOKUP($C28,성분!$B$2:$O$51519,6,FALSE))/100*$P28 -> 0 | I28: =IF($C28="","",VLOOKUP($C28,성분!$B$2:$O$51519,7,FALSE))/100*$P28 -> 0.9 | J28: =IF($C28="","",VLOOKUP($C28,성분!$B$2:$O$51519,8,FALSE))/100*$P28 -> 0.045 | K28: =IF($C28="","",VLOOKUP($C28,성분!$B$2:$O$51519,9,FALSE))/100*$P28 -> 7.9 | L28: =IF($C28="","",VLOOKUP($C28,성분!$B$2:$O$51519,10,FALSE))/100*$P28 -> 0.0045 | M28: =IF($C28="","",VLOOKUP($C28,성분!$B$2:$O$51519,11,FALSE))/100*$P28 -> 0.004 | N28: =IF($C28="","",VLOOKUP($C28,성분!$B$2:$O$51519,12,FALSE))/100*$P28 -> 0.065 | O28: =IF($C28="","",VLOOKUP($C28,성분!$B$2:$O$51519,13,FALSE))/100*$P28 -> 0.5 | P28: =D28 -> 5 | Q28: =($O$8*P28)/1000 -> 0.68
A29: 14 | C29: 대파 | D29: 3 | E29: =IF($C29="","",VLOOKUP($C29,성분!$B$2:$O$51519,3,FALSE))/100*P29 -> 0.78 | F29: =IF($C29="","",VLOOKUP($C29,성분!$B$2:$O$51519,5,FALSE))/100*$P29 -> 0.1338 | G29: =IF($C29="","",VLOOKUP($C29,성분!$B$2:$O$51519,4,FALSE))/100*$P29 -> 0 | H29: =IF($C29="","",VLOOKUP($C29,성분!$B$2:$O$51519,6,FALSE))/100*$P29 -> 0.0078 | I29: =IF($C29="","",VLOOKUP($C29,성분!$B$2:$O$51519,7,FALSE))/100*$P29 -> 2.43 | J29: =IF($C29="","",VLOOKUP($C29,성분!$B$2:$O$51519,8,FALSE))/100*$P29 -> 0.03 | K29: =IF($C29="","",VLOOKUP($C29,성분!$B$2:$O$51519,9,FALSE))/100*$P29 -> 3.87 | L29: =IF($C29="","",VLOOKUP($C29,성분!$B$2:$O$51519,10,FALSE))/100*$P29 -> 0.0018 | M29: =IF($C29="","",VLOOKUP($C29,성분!$B$2:$O$51519,11,FALSE))/100*$P29 -> 0.0027 | N29: =IF($C29="","",VLOOKUP($C29,성분!$B$2:$O$51519,12,FALSE))/100*$P29 -> 0.018 | O29: =IF($C29="","",VLOOKUP($C29,성분!$B$2:$O$51519,13,FALSE))/100*$P29 -> 0.63 | P29: =D29 -> 3 | Q29: =($O$8*P29)/1000 -> 0.408
